Category,LabelsMissing,RelationshipsMissing,PropertiesMissingPerLabel,AllCovered
Aggregation and Counting,"['UcoExploitTarget', 'UcoexMITRED3FEND', 'UcoexTACTICS']","['UCOEXEXAMPLEOBSERVEDIN', 'UCOHASWEAKNESS', 'UCOEXHASTAXONOMYMAPPING', 'UCOEXHASMITREATTACK', 'UCOHASVULNERABILITY']","{'UcoCVE': {'ucoevaluatorSolution', 'ucoobtainAllPrivilege', 'uri', 'ucovectorString'}, 'UcoCWE': {'ucomappingNotes', 'ucotimeOfIntroduction', 'ucolikelihoodOfExploit', 'ucocweName', 'ucocommonConsequences', 'ucoreferences', 'ucodemonstrativeExamples', 'ucostatus', 'ucopotentialMitigations', 'ucodescription', 'ucorelatedAttackPatterns', 'uri', 'ucocweExtendedSummary', 'ucostructure', 'ucoapplicablePlatform', 'ucocweSummary', 'ucodetectionMethods', 'ucomodesOfIntroduction'}, 'UcoExploitTarget': {'uri'}, 'UcoVulnerability': {'ucosummary', 'uri', 'ucolastModifiedDateTime'}, 'UcoexCAMPAIGNS': {'ucoexDOMAIN', 'ucoexURL', 'uri', 'ucoexDESCRIPTION'}, 'UcoexCAPEC': {'ucoexRelatedAttPattern', 'ucoexDescription', 'ucoexExample', 'ucoexTaxonomyMappingATTACK', 'ucoexPrerequisites', 'ucoexConsequences', 'ucoexMitigations', 'uri', 'ucoexExecutionFlowTechnique', 'ucoexCAPEC_id', 'ucoexSkills_Required', 'ucoexAbstraction', 'ucoexExtendedDescription', 'ucoexResources_Required', 'ucoexRelatedWeaknesses', 'label'}, 'UcoexCPE': {'titles', 'dictionary_found', 'lastModified', 'cpeNameId', 'uri'}, 'UcoexGROUPS': {'ucoexDOMAIN', 'ucoexURL', 'uri', 'ucoexDESCRIPTION'}, 'UcoexMITIGATIONS': {'ucoexDOMAIN', 'ucoexURL', 'uri', 'ucoexDESCRIPTION'}, 'UcoexMITREATTACK': {'ucoexURL', 'uri', 'ucoexDESCRIPTION'}, 'UcoexMITRED3FEND': {'ucoexMITRED3FEND_DEFINITION', 'uri', 'ucoexMITRED3FEND_LABEL'}, 'UcoexObservedExample': {'uri', 'ucoexDESCRIPTION'}, 'UcoexSOFTWARE': {'ucoexDOMAIN', 'ucoexURL', 'uri', 'ucoexDESCRIPTION'}, 'UcoexTACTICS': {'ucoexDOMAIN', 'ucoexDESCRIPTION', 'ucoexNAME', 'ucoexURL', 'uri'}}",False
Comparative and Ranking,"['UcoexObservedExample', 'UcoexTACTICS']","['UCOHASOBSERVEDEXAMPLE', 'UCOEXEXAMPLEOBSERVEDIN']","{'UcoCVE': {'ucovectorString', 'ucovulnStatus', 'ucouserInteractionRequired', 'ucoobtainAllPrivilege', 'ucoevaluatorSolution', 'uri'}, 'UcoCWE': {'ucomappingNotes', 'ucoabstraction', 'ucocweExtendedSummary', 'ucotimeOfIntroduction', 'ucostructure', 'ucocommonConsequences', 'ucoapplicablePlatform', 'ucodemonstrativeExamples', 'ucostatus', 'ucoreferences', 'ucopotentialMitigations', 'uri', 'ucodescription', 'ucocweSummary', 'ucorelatedAttackPatterns', 'ucodetectionMethods', 'ucomodesOfIntroduction'}, 'UcoExploitTarget': {'uri'}, 'UcoVulnerability': {'ucosummary', 'ucopublishedDateTime', 'uri', 'ucolastModifiedDateTime'}, 'UcoexCAMPAIGNS': {'ucoexDOMAIN', 'ucoexURL', 'uri', 'ucoexDESCRIPTION'}, 'UcoexCAPEC': {'ucoexRelatedAttPattern', 'ucoexExecutionFlowTechnique', 'ucoexCAPEC_id', 'ucoexExample', 'ucoexDescription', 'ucoexAbstraction', 'ucoexExtendedDescription', 'ucoexTaxonomyMappingATTACK', 'ucoexPrerequisites', 'uri', 'ucoexResources_Required', 'ucoexRelatedWeaknesses', 'ucoexConsequences', 'ucoexMitigations', 'label'}, 'UcoexCPE': {'titles', 'dictionary_found', 'lastModified', 'cpeNameId', 'uri'}, 'UcoexGROUPS': {'ucoexURL', 'uri', 'ucoexDESCRIPTION'}, 'UcoexMITIGATIONS': {'ucoexURL', 'uri', 'ucoexDESCRIPTION'}, 'UcoexMITREATTACK': {'ucoexURL', 'uri', 'ucoexDESCRIPTION'}, 'UcoexMITRED3FEND': {'ucoexMITRED3FEND_DEFINITION', 'uri'}, 'UcoexObservedExample': {'uri', 'ucoexDESCRIPTION'}, 'UcoexSOFTWARE': {'ucoexDOMAIN', 'ucoexURL', 'uri', 'ucoexDESCRIPTION'}, 'UcoexTACTICS': {'ucoexDOMAIN', 'ucoexDESCRIPTION', 'ucoexNAME', 'ucoexURL', 'uri'}}",False
Conditional and Boolean Queries,"['UcoexObservedExample', 'UcoexTACTICS']","['UCOEXEXAMPLEOBSERVEDIN', 'UCOEXHASRELATEDWEAKNESS', 'UCOEXHASCPE', 'UCOEXHASTAXONOMYMAPPING', 'UCOEXHASMITREATTACK', 'UCOHASOBSERVEDEXAMPLE', 'UCOEXSOFTWAREUSESTECHNIQUE']","{'UcoCVE': {'ucoevaluatorSolution', 'uri', 'ucovectorString'}, 'UcoCWE': {'ucomappingNotes', 'ucocweExtendedSummary', 'ucotimeOfIntroduction', 'ucostructure', 'ucocommonConsequences', 'ucoapplicablePlatform', 'ucodemonstrativeExamples', 'ucostatus', 'ucoreferences', 'ucopotentialMitigations', 'ucodetectionMethods', 'ucorelatedAttackPatterns', 'ucomodesOfIntroduction'}, 'UcoVulnerability': {'ucolastModifiedDateTime'}, 'UcoexCAMPAIGNS': {'ucoexDOMAIN', 'ucoexURL', 'uri', 'ucoexDESCRIPTION'}, 'UcoexCAPEC': {'ucoexRelatedAttPattern', 'ucoexExecutionFlowTechnique', 'ucoexCAPEC_id', 'ucoexExample', 'ucoexDescription', 'ucoexAbstraction', 'ucoexExtendedDescription', 'ucoexTaxonomyMappingATTACK', 'ucoexPrerequisites', 'uri', 'ucoexResources_Required', 'ucoexRelatedWeaknesses', 'ucoexConsequences', 'ucoexMitigations', 'label'}, 'UcoexCPE': {'dictionary_found', 'uri', 'cpeNameId', 'lastModified'}, 'UcoexGROUPS': {'ucoexDOMAIN', 'ucoexURL', 'uri'}, 'UcoexMITIGATIONS': {'ucoexDOMAIN', 'ucoexURL', 'uri', 'ucoexDESCRIPTION'}, 'UcoexMITREATTACK': {'ucoexURL', 'uri', 'ucoexDESCRIPTION'}, 'UcoexMITRED3FEND': {'uri'}, 'UcoexObservedExample': {'uri', 'ucoexDESCRIPTION'}, 'UcoexSOFTWARE': {'ucoexURL', 'uri'}, 'UcoexTACTICS': {'ucoexDOMAIN', 'ucoexDESCRIPTION', 'ucoexNAME', 'ucoexURL', 'uri'}}",False
Existence and Set Operations Queries,"['UcoexMITRED3FEND', 'UcoexTACTICS']","['UCOEXHASRELATEDWEAKNESS', 'UCOEXHASMITREATTACK']","{'UcoCVE': {'ucovectorString', 'ucoexploitabilityScore', 'ucouserInteractionRequired', 'ucoobtainAllPrivilege', 'ucoevaluatorSolution', 'uri'}, 'UcoCWE': {'ucomappingNotes', 'ucotimeOfIntroduction', 'ucocommonConsequences', 'ucoreferences', 'ucodemonstrativeExamples', 'ucostatus', 'ucopotentialMitigations', 'ucodescription', 'ucorelatedAttackPatterns', 'ucocweExtendedSummary', 'ucostructure', 'ucoapplicablePlatform', 'ucocweSummary', 'ucodetectionMethods', 'ucoabstraction', 'ucomodesOfIntroduction'}, 'UcoVulnerability': {'ucosummary', 'ucolastModifiedDateTime'}, 'UcoexCAMPAIGNS': {'ucoexDOMAIN', 'ucoexURL', 'uri', 'ucoexDESCRIPTION'}, 'UcoexCAPEC': {'ucoexRelatedAttPattern', 'ucoexDescription', 'ucoexExample', 'ucoexTaxonomyMappingATTACK', 'ucoexConsequences', 'ucoexMitigations', 'uri', 'ucoexExecutionFlowTechnique', 'ucoexCAPEC_id', 'ucoexLikelihood', 'ucoexSkills_Required', 'ucoexAbstraction', 'ucoexExtendedDescription', 'ucoexSeverity', 'ucoexResources_Required', 'ucoexRelatedWeaknesses', 'label'}, 'UcoexCPE': {'titles', 'dictionary_found', 'lastModified', 'cpeName', 'cpeNameId', 'uri'}, 'UcoexGROUPS': {'ucoexURL', 'uri'}, 'UcoexMITIGATIONS': {'ucoexURL', 'uri'}, 'UcoexMITREATTACK': {'ucoexURL', 'uri', 'ucoexDESCRIPTION'}, 'UcoexMITRED3FEND': {'ucoexMITRED3FEND_DEFINITION', 'uri', 'ucoexMITRED3FEND_LABEL'}, 'UcoexObservedExample': {'uri', 'ucoexDESCRIPTION'}, 'UcoexSOFTWARE': {'ucoexDOMAIN', 'ucoexURL', 'uri', 'ucoexDESCRIPTION'}, 'UcoexTACTICS': {'ucoexDOMAIN', 'ucoexDESCRIPTION', 'ucoexNAME', 'ucoexURL', 'uri'}}",False
Graph Pattern Matching,['UcoexTACTICS'],[],"{'UcoCVE': {'ucoimpactScore', 'ucovectorString', 'ucoexploitabilityScore', 'ucovulnStatus', 'ucouserInteractionRequired', 'ucoobtainAllPrivilege', 'ucoevaluatorSolution'}, 'UcoCWE': {'ucomappingNotes', 'ucocweExtendedSummary', 'ucotimeOfIntroduction', 'ucolikelihoodOfExploit', 'ucostructure', 'ucocommonConsequences', 'ucoapplicablePlatform', 'ucodemonstrativeExamples', 'ucostatus', 'ucoreferences', 'ucopotentialMitigations', 'ucocweSummary', 'ucodescription', 'ucodetectionMethods', 'ucorelatedAttackPatterns', 'ucomodesOfIntroduction'}, 'UcoVulnerability': {'ucopublishedDateTime', 'ucolastModifiedDateTime'}, 'UcoexCAMPAIGNS': {'ucoexDOMAIN', 'ucoexURL', 'uri', 'ucoexDESCRIPTION'}, 'UcoexCAPEC': {'ucoexRelatedAttPattern', 'ucoexExecutionFlowTechnique', 'ucoexCAPEC_id', 'ucoexLikelihood', 'ucoexSkills_Required', 'ucoexExample', 'ucoexDescription', 'ucoexAbstraction', 'ucoexExtendedDescription', 'ucoexTaxonomyMappingATTACK', 'ucoexPrerequisites', 'uri', 'ucoexResources_Required', 'ucoexRelatedWeaknesses', 'ucoexConsequences', 'ucoexMitigations'}, 'UcoexCPE': {'titles', 'dictionary_found', 'cpeNameId', 'lastModified'}, 'UcoexGROUPS': {'ucoexDOMAIN', 'ucoexURL', 'uri', 'ucoexDESCRIPTION'}, 'UcoexMITIGATIONS': {'ucoexDOMAIN', 'ucoexURL', 'uri', 'ucoexDESCRIPTION'}, 'UcoexMITREATTACK': {'ucoexDOMAIN', 'ucoexURL', 'uri', 'ucoexDESCRIPTION'}, 'UcoexMITRED3FEND': {'ucoexMITRED3FEND_DEFINITION', 'uri'}, 'UcoexObservedExample': {'uri'}, 'UcoexSOFTWARE': {'ucoexDOMAIN', 'ucoexURL', 'uri', 'ucoexDESCRIPTION'}, 'UcoexTACTICS': {'ucoexDOMAIN', 'ucoexDESCRIPTION', 'ucoexNAME', 'ucoexURL', 'uri'}}",False
Multi-hop Queries,['UcoexTACTICS'],[],"{'UcoCVE': {'ucoimpactScore', 'ucovectorString', 'ucoexploitabilityScore', 'ucovulnStatus', 'ucouserInteractionRequired', 'ucoobtainAllPrivilege', 'ucoevaluatorSolution'}, 'UcoCWE': {'ucomappingNotes', 'ucoabstraction', 'ucocweExtendedSummary', 'ucotimeOfIntroduction', 'ucolikelihoodOfExploit', 'ucostructure', 'ucocommonConsequences', 'ucoapplicablePlatform', 'ucodemonstrativeExamples', 'ucostatus', 'ucoreferences', 'ucopotentialMitigations', 'ucocweSummary', 'ucodescription', 'ucodetectionMethods', 'ucorelatedAttackPatterns', 'ucomodesOfIntroduction'}, 'UcoVulnerability': {'ucolastModifiedDateTime'}, 'UcoexCAMPAIGNS': {'ucoexDOMAIN', 'ucoexURL', 'uri', 'ucoexDESCRIPTION'}, 'UcoexCAPEC': {'ucoexRelatedAttPattern', 'ucoexExecutionFlowTechnique', 'ucoexLikelihood', 'ucoexSkills_Required', 'ucoexExample', 'ucoexDescription', 'ucoexAbstraction', 'ucoexExtendedDescription', 'ucoexSeverity', 'ucoexTaxonomyMappingATTACK', 'ucoexPrerequisites', 'ucoexResources_Required', 'ucoexRelatedWeaknesses', 'ucoexConsequences', 'ucoexMitigations'}, 'UcoexCPE': {'titles', 'dictionary_found', 'cpeNameId', 'lastModified'}, 'UcoexGROUPS': {'ucoexDOMAIN', 'ucoexURL', 'uri', 'ucoexDESCRIPTION'}, 'UcoexMITIGATIONS': {'ucoexDOMAIN', 'ucoexURL', 'uri', 'ucoexDESCRIPTION'}, 'UcoexMITREATTACK': {'ucoexDOMAIN', 'ucoexURL', 'uri', 'ucoexDESCRIPTION'}, 'UcoexMITRED3FEND': {'ucoexMITRED3FEND_DEFINITION', 'uri'}, 'UcoexObservedExample': {'uri', 'ucoexDESCRIPTION'}, 'UcoexSOFTWARE': {'ucoexDOMAIN', 'ucoexURL', 'uri', 'ucoexDESCRIPTION'}, 'UcoexTACTICS': {'ucoexDOMAIN', 'ucoexDESCRIPTION', 'ucoexNAME', 'ucoexURL', 'uri'}}",False
Node Lookup Queries,"['UcoexMITRED3FEND', 'UcoexCPE', 'UcoExploitTarget', 'UcoexObservedExample', 'UcoexTACTICS']","['UCOEXMITIGATES', 'UCOEXEXAMPLEOBSERVEDIN', 'UCOHASWEAKNESS', 'UCOHASVULNERABILITY', 'UCOEXCAMPAIGNUSESSOFTWARE', 'UCOEXCAMPAIGNUSESTECHNIQUE', 'UCOEXGROUPUSESTECHNIQUE', 'UCOEXHASRELATEDWEAKNESS', 'UCOEXHASCPE', 'UCOEXHASTAXONOMYMAPPING', 'UCOHASCVE_ID', 'UCOEXHASMITREATTACK', 'UCOHASOBSERVEDEXAMPLE', 'UCOEXGROUPUSESSOFTWARE', 'UCOEXSOFTWAREUSESTECHNIQUE']","{'UcoCVE': {'ucovectorString', 'ucoexploitabilityScore', 'ucouserInteractionRequired', 'ucoobtainAllPrivilege', 'ucoevaluatorSolution', 'uri'}, 'UcoCWE': {'ucomappingNotes', 'ucocweExtendedSummary', 'ucotimeOfIntroduction', 'ucolikelihoodOfExploit', 'ucostructure', 'ucocommonConsequences', 'ucoapplicablePlatform', 'ucodemonstrativeExamples', 'ucoreferences', 'uri', 'ucopotentialMitigations', 'ucodetectionMethods', 'ucorelatedAttackPatterns', 'ucomodesOfIntroduction'}, 'UcoExploitTarget': {'uri'}, 'UcoVulnerability': {'uri'}, 'UcoexCAMPAIGNS': {'ucoexDOMAIN', 'ucoexURL', 'uri', 'ucoexDESCRIPTION'}, 'UcoexCAPEC': {'ucoexRelatedAttPattern', 'ucoexExecutionFlowTechnique', 'ucoexExample', 'ucoexExtendedDescription', 'ucoexTaxonomyMappingATTACK', 'ucoexPrerequisites', 'uri', 'ucoexResources_Required', 'ucoexRelatedWeaknesses', 'ucoexConsequences', 'ucoexMitigations', 'label'}, 'UcoexCPE': {'titles', 'cpeName', 'dictionary_found', 'cpeNameId', 'uri', 'lastModified'}, 'UcoexGROUPS': {'ucoexDOMAIN', 'ucoexURL', 'uri', 'ucoexDESCRIPTION'}, 'UcoexMITIGATIONS': {'ucoexDOMAIN', 'ucoexURL', 'uri'}, 'UcoexMITREATTACK': {'ucoexURL', 'uri'}, 'UcoexMITRED3FEND': {'ucoexMITRED3FEND_DEFINITION', 'uri', 'ucoexMITRED3FEND_LABEL'}, 'UcoexObservedExample': {'uri', 'ucoexDESCRIPTION'}, 'UcoexSOFTWARE': {'ucoexDOMAIN', 'ucoexURL', 'uri', 'ucoexDESCRIPTION'}, 'UcoexTACTICS': {'ucoexDOMAIN', 'ucoexDESCRIPTION', 'ucoexNAME', 'ucoexURL', 'uri'}}",False
Path Queries (Variable-length),['UcoExploitTarget'],"['UCOEXMITIGATES', 'UCOEXEXAMPLEOBSERVEDIN', 'UCOHASWEAKNESS', 'UCOHASVULNERABILITY', 'UCOEXCAMPAIGNUSESSOFTWARE', 'UCOEXCAMPAIGNUSESTECHNIQUE', 'UCOEXGROUPUSESTECHNIQUE', 'UCOEXHASRELATEDWEAKNESS', 'UCOEXHASCPE', 'UCOEXATTRIBUTEDTO', 'UCOEXHASTAXONOMYMAPPING', 'UCOHASCVE_ID', 'UCOEXHASMITREATTACK', 'UCOHASOBSERVEDEXAMPLE', 'UCOEXGROUPUSESSOFTWARE', 'UCOEXSOFTWAREUSESTECHNIQUE']","{'UcoCVE': {'ucoimpactScore', 'ucovectorString', 'ucoexploitabilityScore', 'ucovulnStatus', 'ucouserInteractionRequired', 'ucoobtainAllPrivilege', 'ucoevaluatorSolution'}, 'UcoCWE': {'ucomappingNotes', 'ucoabstraction', 'ucocweExtendedSummary', 'ucotimeOfIntroduction', 'ucolikelihoodOfExploit', 'ucostructure', 'ucocweName', 'ucocommonConsequences', 'ucoapplicablePlatform', 'ucodemonstrativeExamples', 'ucostatus', 'ucoreferences', 'ucopotentialMitigations', 'ucocweSummary', 'ucodescription', 'ucodetectionMethods', 'ucorelatedAttackPatterns', 'ucomodesOfIntroduction'}, 'UcoExploitTarget': {'uri'}, 'UcoVulnerability': {'ucopublishedDateTime', 'uri', 'ucolastModifiedDateTime'}, 'UcoexCAMPAIGNS': {'ucoexDOMAIN', 'ucoexURL', 'uri', 'ucoexDESCRIPTION'}, 'UcoexCAPEC': {'ucoexRelatedAttPattern', 'ucoexDescription', 'ucoexExample', 'ucoexTaxonomyMappingATTACK', 'ucoexPrerequisites', 'ucoexCAPEC_name', 'ucoexConsequences', 'ucoexMitigations', 'uri', 'ucoexExecutionFlowTechnique', 'ucoexLikelihood', 'ucoexSkills_Required', 'ucoexAbstraction', 'ucoexExtendedDescription', 'ucoexSeverity', 'ucoexResources_Required', 'ucoexRelatedWeaknesses', 'label'}, 'UcoexCPE': {'titles', 'dictionary_found', 'cpeNameId', 'lastModified'}, 'UcoexGROUPS': {'ucoexDOMAIN', 'ucoexURL', 'uri', 'ucoexDESCRIPTION'}, 'UcoexMITIGATIONS': {'ucoexDOMAIN', 'ucoexURL', 'uri', 'ucoexDESCRIPTION'}, 'UcoexMITREATTACK': {'ucoexURL', 'uri', 'ucoexDESCRIPTION'}, 'UcoexMITRED3FEND': {'ucoexMITRED3FEND_DEFINITION', 'uri'}, 'UcoexObservedExample': {'uri', 'ucoexDESCRIPTION'}, 'UcoexSOFTWARE': {'ucoexDOMAIN', 'ucoexURL', 'uri', 'ucoexDESCRIPTION'}, 'UcoexTACTICS': {'ucoexDOMAIN', 'ucoexURL', 'ucoexDESCRIPTION'}}",False
Relationship Traversal Queries,['UcoexTACTICS'],"['UCOEXEXAMPLEOBSERVEDIN', 'UCOEXSOFTWAREUSESTECHNIQUE', 'UCOEXHASTAXONOMYMAPPING']","{'UcoCVE': {'ucoimpactScore', 'ucovectorString', 'ucoexploitabilityScore', 'ucovulnStatus', 'ucoobtainAllPrivilege', 'ucoevaluatorSolution'}, 'UcoCWE': {'ucomappingNotes', 'ucocweExtendedSummary', 'ucotimeOfIntroduction', 'ucolikelihoodOfExploit', 'ucostructure', 'ucocommonConsequences', 'ucoapplicablePlatform', 'ucodemonstrativeExamples', 'ucoreferences', 'ucocweSummary', 'ucopotentialMitigations', 'ucodetectionMethods', 'ucodescription', 'ucorelatedAttackPatterns', 'ucomodesOfIntroduction'}, 'UcoVulnerability': {'ucolastModifiedDateTime'}, 'UcoexCAMPAIGNS': {'ucoexURL', 'uri', 'ucoexDESCRIPTION'}, 'UcoexCAPEC': {'ucoexRelatedAttPattern', 'ucoexDescription', 'ucoexExample', 'ucoexTaxonomyMappingATTACK', 'ucoexPrerequisites', 'ucoexCAPEC_name', 'ucoexConsequences', 'ucoexMitigations', 'uri', 'ucoexExecutionFlowTechnique', 'ucoexLikelihood', 'ucoexSkills_Required', 'ucoexAbstraction', 'ucoexExtendedDescription', 'ucoexSeverity', 'ucoexResources_Required', 'ucoexRelatedWeaknesses', 'label'}, 'UcoexCPE': {'titles', 'dictionary_found', 'lastModified', 'cpeNameId', 'uri'}, 'UcoexGROUPS': {'ucoexDOMAIN', 'ucoexURL', 'uri', 'ucoexDESCRIPTION'}, 'UcoexMITIGATIONS': {'ucoexDOMAIN', 'ucoexURL', 'uri', 'ucoexDESCRIPTION'}, 'UcoexMITREATTACK': {'ucoexURL', 'uri', 'ucoexDESCRIPTION'}, 'UcoexMITRED3FEND': {'ucoexMITRED3FEND_DEFINITION', 'uri'}, 'UcoexObservedExample': {'uri'}, 'UcoexSOFTWARE': {'ucoexURL', 'uri', 'ucoexDESCRIPTION'}, 'UcoexTACTICS': {'ucoexDOMAIN', 'ucoexDESCRIPTION', 'ucoexNAME', 'ucoexURL', 'uri'}}",False
