sample_id,question,hop_count,question_type,first_node,first_found,second_node,second_found,third_node,third_found,coverage_count,total_gold_nodes,recall,precision,f1,hit_at_1,hit_at_3,reciprocal_rank,key_entities_count,num_sources,nodes_found,gold_nodes
1,How could Improper Handling of Windows Device Names lead to ...,0,"<s,*,*>",http://purl.org/cyber/uco#CWE-67,Yes,,No,,No,1,1,1.0000,0.0588,0.1111,1,1,1.0000,17,3,http://purl.org/cyber/uco#CWE-67,http://purl.org/cyber/uco#CWE-67
2,What causes Improper Handling of Windows Device Names to esc...,0,"<s,*,*>",http://purl.org/cyber/uco#CWE-67,Yes,,No,,No,1,1,1.0000,0.0625,0.1176,1,1,1.0000,16,3,http://purl.org/cyber/uco#CWE-67,http://purl.org/cyber/uco#CWE-67
3,How could attackers exploit Improper Handling of Windows Dev...,0,"<s,*,*>",http://purl.org/cyber/uco#CWE-67,No,,No,,No,0,1,0.0000,0.0000,0.0000,0,0,0.0000,10,3,,http://purl.org/cyber/uco#CWE-67
4,Which factors make Improper Handling of Windows Device Names...,0,"<s,*,*>",http://purl.org/cyber/uco#CWE-67,Yes,,No,,No,1,1,1.0000,0.0476,0.0909,1,1,1.0000,21,3,http://purl.org/cyber/uco#CWE-67,http://purl.org/cyber/uco#CWE-67
5,How might Improper Handling of Windows Device Names enable u...,0,"<s,*,*>",http://purl.org/cyber/uco#CWE-67,Yes,,No,,No,1,1,1.0000,0.0323,0.0625,1,1,1.0000,31,3,http://purl.org/cyber/uco#CWE-67,http://purl.org/cyber/uco#CWE-67
6,How could Timestamp Request help an adversary undermine time...,0,"<s,*,*>",https://capec.mitre.org/data/definitions/295.html,Yes,,No,,No,1,1,1.0000,0.0588,0.1111,1,1,1.0000,17,3,https://capec.mitre.org/data/definitions/295.html,https://capec.mitre.org/data/definitions/295.html
7,What causes Timestamp Request to expose weaknesses in time-d...,0,"<s,*,*>",https://capec.mitre.org/data/definitions/295.html,Yes,,No,,No,1,1,1.0000,0.0588,0.1111,1,1,1.0000,17,3,https://capec.mitre.org/data/definitions/295.html,https://capec.mitre.org/data/definitions/295.html
8,How might Timestamp Request support broader reconnaissance o...,0,"<s,*,*>",https://capec.mitre.org/data/definitions/295.html,Yes,,No,,No,1,1,1.0000,0.0588,0.1111,1,1,1.0000,17,3,https://capec.mitre.org/data/definitions/295.html,https://capec.mitre.org/data/definitions/295.html
9,Which factors make Timestamp Request effective for probing s...,0,"<s,*,*>",https://capec.mitre.org/data/definitions/295.html,Yes,,No,,No,1,1,1.0000,0.0385,0.0741,1,1,1.0000,26,3,https://capec.mitre.org/data/definitions/295.html,https://capec.mitre.org/data/definitions/295.html
10,How could Timestamp Request be combined with other technique...,0,"<s,*,*>",https://capec.mitre.org/data/definitions/295.html,Yes,,No,,No,1,1,1.0000,0.0455,0.0870,1,1,1.0000,22,3,https://capec.mitre.org/data/definitions/295.html,https://capec.mitre.org/data/definitions/295.html
11,How could SocGholish enable broader intrusion through its dr...,0,"<s,*,*>",http://example.com/ucoex#S1124,Yes,,No,,No,1,1,1.0000,0.0164,0.0323,1,1,1.0000,61,3,http://example.com/ucoex#S1124,http://example.com/ucoex#S1124
12,What causes SocGholish to be effective for initial access ac...,0,"<s,*,*>",http://example.com/ucoex#S1124,Yes,,No,,No,1,1,1.0000,0.0455,0.0870,1,1,1.0000,22,3,http://example.com/ucoex#S1124,http://example.com/ucoex#S1124
13,How might SocGholish facilitate deployment of secondary rans...,0,"<s,*,*>",http://example.com/ucoex#S1124,Yes,,No,,No,1,1,1.0000,0.0256,0.0500,1,1,1.0000,39,3,http://example.com/ucoex#S1124,http://example.com/ucoex#S1124
14,Which factors make SocGholish attractive for groups purchasi...,0,"<s,*,*>",http://example.com/ucoex#S1124,Yes,,No,,No,1,1,1.0000,0.0455,0.0870,1,1,1.0000,22,3,http://example.com/ucoex#S1124,http://example.com/ucoex#S1124
15,How could SocGholish’s masqueraded updates expand an adversa...,0,"<s,*,*>",http://example.com/ucoex#S1124,Yes,,No,,No,1,1,1.0000,0.0200,0.0392,1,1,1.0000,50,3,http://example.com/ucoex#S1124,http://example.com/ucoex#S1124
16,How could APT39 expand its surveillance reach across targete...,0,"<s,*,*>",http://example.com/ucoex#G0087,Yes,,No,,No,1,1,1.0000,0.0192,0.0377,1,1,1.0000,52,3,http://example.com/ucoex#G0087,http://example.com/ucoex#G0087
17,What causes APT39 to focus heavily on travel and telecommuni...,0,"<s,*,*>",http://example.com/ucoex#G0087,No,,No,,No,0,1,0.0000,0.0000,0.0000,0,0,0.0000,52,3,,http://example.com/ucoex#G0087
18,How might APT39 leverage industry data to track high-value i...,0,"<s,*,*>",http://example.com/ucoex#G0087,Yes,,No,,No,1,1,1.0000,0.0167,0.0328,0,1,0.5000,60,3,http://example.com/ucoex#G0087,http://example.com/ucoex#G0087
19,Which factors make APT39 persistent across diverse geographi...,0,"<s,*,*>",http://example.com/ucoex#G0087,Yes,,No,,No,1,1,1.0000,0.0185,0.0364,0,1,0.5000,54,3,http://example.com/ucoex#G0087,http://example.com/ucoex#G0087
20,How could APT39’s long-term operations influence regional es...,0,"<s,*,*>",http://example.com/ucoex#G0087,Yes,,No,,No,1,1,1.0000,0.0222,0.0435,1,1,1.0000,45,3,http://example.com/ucoex#G0087,http://example.com/ucoex#G0087
21,How could Audio Capture help adversaries intercept sensitive...,0,"<s,*,*>",http://example.com/ucoex#T1123,Yes,,No,,No,1,1,1.0000,0.0213,0.0417,1,1,1.0000,47,3,http://example.com/ucoex#T1123,http://example.com/ucoex#T1123
22,What causes Audio Capture to be especially effective on comp...,0,"<s,*,*>",http://example.com/ucoex#T1123,No,,No,,No,0,1,0.0000,0.0000,0.0000,0,0,0.0000,10,3,,http://example.com/ucoex#T1123
23,How might Audio Capture be combined with other techniques fo...,0,"<s,*,*>",http://example.com/ucoex#T1123,Yes,,No,,No,1,1,1.0000,0.0244,0.0476,1,1,1.0000,41,3,http://example.com/ucoex#T1123,http://example.com/ucoex#T1123
24,Which factors influence how stealthy an Audio Capture operat...,0,"<s,*,*>",http://example.com/ucoex#T1123,Yes,,No,,No,1,1,1.0000,0.0227,0.0444,1,1,1.0000,44,3,http://example.com/ucoex#T1123,http://example.com/ucoex#T1123
25,How could Audio Capture support long-term monitoring of targ...,0,"<s,*,*>",http://example.com/ucoex#T1123,No,,No,,No,0,1,0.0000,0.0000,0.0000,0,0,0.0000,8,3,,http://example.com/ucoex#T1123
26,How does the Cellular Rogue Base Station attack exploit sign...,0,"<s,*,*>",https://capec.mitre.org/data/definitions/617.html,Yes,,No,,No,1,1,1.0000,0.1429,0.2500,1,1,1.0000,7,3,https://capec.mitre.org/data/definitions/617.html,https://capec.mitre.org/data/definitions/617.html
27,What authentication weaknesses enable Cellular Rogue Base St...,0,"<s,*,*>",https://capec.mitre.org/data/definitions/617.html,Yes,,No,,No,1,1,1.0000,0.1000,0.1818,1,1,1.0000,10,3,https://capec.mitre.org/data/definitions/617.html,https://capec.mitre.org/data/definitions/617.html
28,Which cellular security controls can mitigate Cellular Rogue...,0,"<s,*,*>",https://capec.mitre.org/data/definitions/617.html,Yes,,No,,No,1,1,1.0000,0.1000,0.1818,1,1,1.0000,10,3,https://capec.mitre.org/data/definitions/617.html,https://capec.mitre.org/data/definitions/617.html
29,How does Collect Data from Registries exploit authorization ...,0,"<s,*,*>",https://capec.mitre.org/data/definitions/647.html,Yes,,No,,No,1,1,1.0000,0.0286,0.0556,1,1,1.0000,35,3,https://capec.mitre.org/data/definitions/647.html,https://capec.mitre.org/data/definitions/647.html
30,What system configuration data can attackers extract through...,0,"<s,*,*>",https://capec.mitre.org/data/definitions/647.html,Yes,,No,,No,1,1,1.0000,0.0185,0.0364,0,0,0.0000,54,3,https://capec.mitre.org/data/definitions/647.html,https://capec.mitre.org/data/definitions/647.html
31,Which authorization controls mitigate Collect Data from Regi...,0,"<s,*,*>",https://capec.mitre.org/data/definitions/647.html,Yes,,No,,No,1,1,1.0000,0.0213,0.0417,1,1,1.0000,47,3,https://capec.mitre.org/data/definitions/647.html,https://capec.mitre.org/data/definitions/647.html
32,How does Absolute Path Traversal exploit inadequate neutrali...,0,"<s,*,*>",http://purl.org/cyber/uco#CWE-36,Yes,,No,,No,1,1,1.0000,0.0526,0.1000,0,0,0.0000,19,3,http://purl.org/cyber/uco#CWE-36,http://purl.org/cyber/uco#CWE-36
33,What file system risks arise from Absolute Path Traversal by...,0,"<s,*,*>",http://purl.org/cyber/uco#CWE-36,Yes,,No,,No,1,1,1.0000,0.0909,0.1667,0,0,0.0000,11,3,http://purl.org/cyber/uco#CWE-36,http://purl.org/cyber/uco#CWE-36
34,Which input validation controls prevent Absolute Path Traver...,0,"<s,*,*>",http://purl.org/cyber/uco#CWE-36,No,,No,,No,0,1,0.0000,0.0000,0.0000,0,0,0.0000,21,3,,http://purl.org/cyber/uco#CWE-36
35,How does Path Traversal: '../filedir' exploit inadequate neu...,0,"<s,*,*>",http://purl.org/cyber/uco#CWE-24,Yes,,No,,No,1,1,1.0000,0.0526,0.1000,0,1,0.3333,19,3,http://purl.org/cyber/uco#CWE-24,http://purl.org/cyber/uco#CWE-24
36,What file system risks arise from Path Traversal: '../filedi...,0,"<s,*,*>",http://purl.org/cyber/uco#CWE-24,Yes,,No,,No,1,1,1.0000,0.0588,0.1111,0,1,0.3333,17,3,http://purl.org/cyber/uco#CWE-24,http://purl.org/cyber/uco#CWE-24
37,Which input validation controls prevent Path Traversal: '../...,0,"<s,*,*>",http://purl.org/cyber/uco#CWE-24,No,,No,,No,0,1,0.0000,0.0000,0.0000,0,0,0.0000,10,3,,http://purl.org/cyber/uco#CWE-24
38,How does APT41 combine state-sponsored espionage with financ...,0,"<s,*,*>",http://example.com/ucoex#G0096,Yes,,No,,No,1,1,1.0000,0.0196,0.0385,0,0,0.0000,51,3,http://example.com/ucoex#G0096,http://example.com/ucoex#G0096
39,What industries and sectors has APT41 targeted across their ...,0,"<s,*,*>",http://example.com/ucoex#G0096,Yes,,No,,No,1,1,1.0000,0.0227,0.0444,0,0,0.0000,44,3,http://example.com/ucoex#G0096,http://example.com/ucoex#G0096
40,Which malware toolsets does APT41 leverage to achieve divers...,0,"<s,*,*>",http://example.com/ucoex#G0096,Yes,,No,,No,1,1,1.0000,0.0244,0.0476,0,0,0.0000,41,3,http://example.com/ucoex#G0096,http://example.com/ucoex#G0096
41,How does Kimsuky leverage commercial AI models for vulnerabi...,0,"<s,*,*>",http://example.com/ucoex#G0094,Yes,,No,,No,1,1,1.0000,0.0233,0.0455,1,1,1.0000,43,3,http://example.com/ucoex#G0094,http://example.com/ucoex#G0094
42,What geopolitical intelligence targets does Kimsuky prioriti...,0,"<s,*,*>",http://example.com/ucoex#G0094,Yes,,No,,No,1,1,1.0000,0.0244,0.0476,1,1,1.0000,41,3,http://example.com/ucoex#G0094,http://example.com/ucoex#G0094
43,Which notable campaigns has Kimsuky conducted since their em...,0,"<s,*,*>",http://example.com/ucoex#G0094,Yes,,No,,No,1,1,1.0000,0.0222,0.0435,1,1,1.0000,45,3,http://example.com/ucoex#G0094,http://example.com/ucoex#G0094
44,How does Scheduled Task/Job enable adversaries to achieve pe...,0,"<s,*,*>",http://example.com/ucoex#T1053,Yes,,No,,No,1,1,1.0000,0.0227,0.0444,1,1,1.0000,44,3,http://example.com/ucoex#T1053,http://example.com/ucoex#T1053
45,What privilege escalation risks arise from Scheduled Task/Jo...,0,"<s,*,*>",http://example.com/ucoex#T1053,No,,No,,No,0,1,0.0000,0.0000,0.0000,0,0,0.0000,9,3,,http://example.com/ucoex#T1053
46,Which authentication requirements must attackers satisfy for...,0,"<s,*,*>",http://example.com/ucoex#T1053,No,,No,,No,0,1,0.0000,0.0000,0.0000,0,0,0.0000,9,3,,http://example.com/ucoex#T1053
47,How does Scheduled Task/Job enable adversaries to achieve pe...,0,"<s,*,*>",http://example.com/ucoex#S0265,No,,No,,No,0,1,0.0000,0.0000,0.0000,0,0,0.0000,44,3,,http://example.com/ucoex#S0265
48,What privilege escalation risks arise from Scheduled Task/Jo...,0,"<s,*,*>",http://example.com/ucoex#S0265,No,,No,,No,0,1,0.0000,0.0000,0.0000,0,0,0.0000,7,3,,http://example.com/ucoex#S0265
49,Which authentication requirements must attackers satisfy for...,0,"<s,*,*>",http://example.com/ucoex#S0265,No,,No,,No,0,1,0.0000,0.0000,0.0000,0,0,0.0000,9,3,,http://example.com/ucoex#S0265
50,How does Scheduled Task/Job masking malicious execution unde...,0,"<s,*,*>",http://example.com/ucoex#S0265,No,,No,,No,0,1,0.0000,0.0000,0.0000,0,0,0.0000,23,3,,http://example.com/ucoex#S0265
51,How could Collect Data as Provided by Users align with behav...,1,"<s,*,o>",https://capec.mitre.org/data/definitions/569.html,Yes,http://example.com/ucoex#T1056,Yes,,No,2,2,1.0000,0.0833,0.1538,1,1,1.0000,24,3,https://capec.mitre.org/data/definitions/569.html; http://example.com/ucoex#T1056,https://capec.mitre.org/data/definitions/569.html; http://example.com/ucoex#T1056
52,Which factors connect Collect Data as Provided by Users to I...,1,"<s,*,o>",https://capec.mitre.org/data/definitions/569.html,Yes,http://example.com/ucoex#T1056,Yes,,No,2,2,1.0000,0.0833,0.1538,1,1,1.0000,24,3,https://capec.mitre.org/data/definitions/569.html; http://example.com/ucoex#T1056,https://capec.mitre.org/data/definitions/569.html; http://example.com/ucoex#T1056
53,How might Collect Data as Provided by Users enable methods s...,1,"<s,*,o>",https://capec.mitre.org/data/definitions/569.html,Yes,http://example.com/ucoex#T1056,Yes,,No,2,2,1.0000,0.0500,0.0952,1,1,1.0000,40,3,https://capec.mitre.org/data/definitions/569.html; http://example.com/ucoex#T1056,https://capec.mitre.org/data/definitions/569.html; http://example.com/ucoex#T1056
54,Which aspects of Collect Data as Provided by Users map direc...,1,"<s,p,o>",https://capec.mitre.org/data/definitions/569.html,Yes,http://example.com/ucoex#T1056,Yes,,No,2,2,1.0000,0.1333,0.2353,1,1,1.0000,15,3,https://capec.mitre.org/data/definitions/569.html; http://example.com/ucoex#T1056,https://capec.mitre.org/data/definitions/569.html; http://example.com/ucoex#T1056
55,How could attackers extend Collect Data as Provided by Users...,1,"<s,p,*>",https://capec.mitre.org/data/definitions/569.html,No,,No,,No,0,1,0.0000,0.0000,0.0000,0,0,0.0000,9,3,,https://capec.mitre.org/data/definitions/569.html
56,How could Improper Restriction of Rendered UI Layers enable ...,1,"<s,*,o>",http://purl.org/cyber/uco#CWE-1021,Yes,http://example.com/ucoex#CWE-1021-CVE-2016-2496,No,,No,1,2,0.5000,0.0909,0.1538,0,0,0.0000,11,3,http://purl.org/cyber/uco#CWE-1021,http://purl.org/cyber/uco#CWE-1021; http://example.com/ucoex#CWE-1021-CVE-2016-2496
57,What factors connect Improper Restriction of Rendered UI Lay...,1,"<s,*,o>",http://purl.org/cyber/uco#CWE-1021,Yes,http://example.com/ucoex#CWE-1021-CVE-2016-2496,Yes,,No,2,2,1.0000,0.1818,0.3077,0,0,0.0000,11,3,http://purl.org/cyber/uco#CWE-1021; http://example.com/ucoex#CWE-1021-CVE-2016-2496,http://purl.org/cyber/uco#CWE-1021; http://example.com/ucoex#CWE-1021-CVE-2016-2496
58,How might UI layer misrestriction enable attacks similar to ...,1,"<s,*,o>",http://purl.org/cyber/uco#CWE-1021,No,http://example.com/ucoex#CWE-1021-CVE-2016-2496,No,,No,0,2,0.0000,0.0000,0.0000,0,0,0.0000,8,3,,http://purl.org/cyber/uco#CWE-1021; http://example.com/ucoex#CWE-1021-CVE-2016-2496
59,Which aspects of Improper Restriction of Rendered UI Layers ...,1,"<s,p,o>",http://purl.org/cyber/uco#CWE-1021,Yes,http://example.com/ucoex#CWE-1021-CVE-2016-2496,Yes,,No,2,2,1.0000,0.1667,0.2857,0,0,0.0000,12,3,http://purl.org/cyber/uco#CWE-1021; http://example.com/ucoex#CWE-1021-CVE-2016-2496,http://purl.org/cyber/uco#CWE-1021; http://example.com/ucoex#CWE-1021-CVE-2016-2496
60,How could attackers extend UI-layer misrestriction weaknesse...,1,"<s,p,*>",http://purl.org/cyber/uco#CWE-1021,No,,No,,No,0,1,0.0000,0.0000,0.0000,0,0,0.0000,7,3,,http://purl.org/cyber/uco#CWE-1021
61,How could NDiskMonitor’s behavior relate to techniques used ...,1,"<s,*,o>",http://example.com/ucoex#S0272,No,http://example.com/ucoex#T1082,No,,No,0,2,0.0000,0.0000,0.0000,0,0,0.0000,34,3,,http://example.com/ucoex#S0272; http://example.com/ucoex#T1082
62,Which factors connect NDiskMonitor’s capabilities to System ...,1,"<s,*,o>",http://example.com/ucoex#S0272,No,http://example.com/ucoex#T1082,No,,No,0,2,0.0000,0.0000,0.0000,0,0,0.0000,34,3,,http://example.com/ucoex#S0272; http://example.com/ucoex#T1082
63,How might NDiskMonitor leverage System Information Discovery...,1,"<s,*,o>",http://example.com/ucoex#S0272,No,http://example.com/ucoex#T1082,No,,No,0,2,0.0000,0.0000,0.0000,0,0,0.0000,43,3,,http://example.com/ucoex#S0272; http://example.com/ucoex#T1082
64,Which behaviors in NDiskMonitor most strongly correspond to ...,1,"<s,p,o>",http://example.com/ucoex#S0272,No,http://example.com/ucoex#T1082,Yes,,No,1,2,0.5000,0.0263,0.0500,0,0,0.0000,38,3,http://example.com/ucoex#T1082,http://example.com/ucoex#S0272; http://example.com/ucoex#T1082
65,How could attackers adapt NDiskMonitor’s use of System Infor...,1,"<s,p,*>",http://example.com/ucoex#S0272,No,,No,,No,0,1,0.0000,0.0000,0.0000,0,0,0.0000,27,3,,http://example.com/ucoex#S0272
66,How could Orangeworm’s operations leverage Web Protocols to ...,1,"<s,*,o>",http://example.com/ucoex#G0071,Yes,http://example.com/ucoex#T1071.001,Yes,,No,2,2,1.0000,0.0370,0.0714,1,1,1.0000,54,3,http://example.com/ucoex#G0071; http://example.com/ucoex#T1071.001,http://example.com/ucoex#G0071; http://example.com/ucoex#T1071.001
67,Which factors connect Orangeworm’s campaigns with use of Web...,1,"<s,*,o>",http://example.com/ucoex#G0071,Yes,http://example.com/ucoex#T1071.001,Yes,,No,2,2,1.0000,0.0588,0.1111,1,1,1.0000,34,3,http://example.com/ucoex#G0071; http://example.com/ucoex#T1071.001,http://example.com/ucoex#G0071; http://example.com/ucoex#T1071.001
68,How might Orangeworm exploit Web Protocols to blend maliciou...,1,"<s,*,o>",http://example.com/ucoex#G0071,Yes,http://example.com/ucoex#T1071.001,Yes,,No,2,2,1.0000,0.0714,0.1333,1,1,1.0000,28,3,http://example.com/ucoex#G0071; http://example.com/ucoex#T1071.001,http://example.com/ucoex#G0071; http://example.com/ucoex#T1071.001
69,What aspects of Orangeworm activity align with behaviors in ...,1,"<s,p,o>",http://example.com/ucoex#G0071,Yes,http://example.com/ucoex#T1071.001,Yes,,No,2,2,1.0000,0.0541,0.1026,1,1,1.0000,37,3,http://example.com/ucoex#G0071; http://example.com/ucoex#T1071.001,http://example.com/ucoex#G0071; http://example.com/ucoex#T1071.001
70,How could Orangeworm evolve its use of Web Protocols for gre...,1,"<s,p,*>",http://example.com/ucoex#G0071,No,,No,,No,0,1,0.0000,0.0000,0.0000,0,0,0.0000,28,3,,http://example.com/ucoex#G0071
71,How could KV Botnet Activity lead to impacts mitigated by Da...,2,"<s,*,o>",http://example.com/ucoex#C0035,Yes,http://example.com/ucoex#T1105,No,http://example.com/ucoex#M1053,No,1,3,0.3333,0.0385,0.0690,0,1,0.5000,26,3,http://example.com/ucoex#C0035,http://example.com/ucoex#C0035; http://example.com/ucoex#T1105; http://example.com/ucoex#M1053
72,Which factors connect KV Botnet Activity to mitigations like...,2,"<s,*,o>",http://example.com/ucoex#C0035,Yes,http://example.com/ucoex#T1105,No,http://example.com/ucoex#M1053,Yes,2,3,0.6667,0.0377,0.0714,1,1,1.0000,53,3,http://example.com/ucoex#C0035; http://example.com/ucoex#M1053,http://example.com/ucoex#C0035; http://example.com/ucoex#T1105; http://example.com/ucoex#M1053
73,How does KV Botnet Activity’s tooling relate to mitigations ...,2,"<s,*,o>",http://example.com/ucoex#C0035,Yes,http://example.com/ucoex#T1105,No,http://example.com/ucoex#M1053,No,1,3,0.3333,0.0189,0.0357,1,1,1.0000,53,3,http://example.com/ucoex#C0035,http://example.com/ucoex#C0035; http://example.com/ucoex#T1105; http://example.com/ucoex#M1053
74,What links KV Botnet Activity’s tool transfer behavior to Da...,2,"<s,*,o>",http://example.com/ucoex#C0035,Yes,http://example.com/ucoex#T1105,No,http://example.com/ucoex#M1053,No,1,3,0.3333,0.0233,0.0435,1,1,1.0000,43,3,http://example.com/ucoex#C0035,http://example.com/ucoex#C0035; http://example.com/ucoex#T1105; http://example.com/ucoex#M1053
75,How might KV Botnet Activity’s use of Ingress Tool Transfer ...,2,"<s,*,o>",http://example.com/ucoex#C0035,Yes,http://example.com/ucoex#T1105,Yes,http://example.com/ucoex#M1053,No,2,3,0.6667,0.0345,0.0656,1,1,1.0000,58,3,http://example.com/ucoex#C0035; http://example.com/ucoex#T1105,http://example.com/ucoex#C0035; http://example.com/ucoex#T1105; http://example.com/ucoex#M1053
76,How does Domain Fronting map to enterprise attack techniques...,1,"<s,*,o>",https://capec.mitre.org/data/definitions/481.html,Yes,http://example.com/ucoex#T1090.004,Yes,,No,2,2,1.0000,0.0588,0.1111,0,0,0.0000,34,3,https://capec.mitre.org/data/definitions/481.html; http://example.com/ucoex#T1090.004,https://capec.mitre.org/data/definitions/481.html; http://example.com/ucoex#T1090.004
77,Which ATT&CK techniques relate to contradictory destination ...,1,"<s,p,*>",https://capec.mitre.org/data/definitions/481.html,Yes,http://example.com/ucoex#T1090.004,Yes,,No,2,2,1.0000,0.1333,0.2353,1,1,1.0000,15,3,https://capec.mitre.org/data/definitions/481.html; http://example.com/ucoex#T1090.004,https://capec.mitre.org/data/definitions/481.html; http://example.com/ucoex#T1090.004
78,Why does traffic routing manipulation map to proxy technique...,1,"<s,p,o>",https://capec.mitre.org/data/definitions/481.html,Yes,http://example.com/ucoex#T1090.004,Yes,,No,2,2,1.0000,0.0455,0.0870,1,1,1.0000,44,3,https://capec.mitre.org/data/definitions/481.html; http://example.com/ucoex#T1090.004,https://capec.mitre.org/data/definitions/481.html; http://example.com/ucoex#T1090.004
79,How can forgotten password features become system entry poin...,1,"<s,*,o>",https://capec.mitre.org/data/definitions/50.html,Yes,http://purl.org/cyber/uco#CWE-640,Yes,,No,2,2,1.0000,0.2222,0.3636,0,1,0.5000,9,3,https://capec.mitre.org/data/definitions/50.html; http://purl.org/cyber/uco#CWE-640,https://capec.mitre.org/data/definitions/50.html; http://purl.org/cyber/uco#CWE-640
80,Which authentication weakness do password recovery attacks p...,1,"<s,p,*>",https://capec.mitre.org/data/definitions/50.html,Yes,,No,,No,1,1,1.0000,0.1111,0.2000,0,1,0.5000,9,3,https://capec.mitre.org/data/definitions/50.html,https://capec.mitre.org/data/definitions/50.html
81,What makes security questions vulnerable in password reset p...,1,"<s,p,o>",https://capec.mitre.org/data/definitions/50.html,No,http://purl.org/cyber/uco#CWE-640,No,,No,0,2,0.0000,0.0000,0.0000,0,0,0.0000,8,3,,https://capec.mitre.org/data/definitions/50.html; http://purl.org/cyber/uco#CWE-640
82,How does email redirection exploit weak password recovery im...,1,"<s,*,o>",https://capec.mitre.org/data/definitions/50.html,No,http://purl.org/cyber/uco#CWE-640,No,,No,0,2,0.0000,0.0000,0.0000,0,0,0.0000,7,3,,https://capec.mitre.org/data/definitions/50.html; http://purl.org/cyber/uco#CWE-640
83,What weaknesses enable denial of service through password re...,1,"<s,p,*>",https://capec.mitre.org/data/definitions/50.html,No,,No,,No,0,1,0.0000,0.0000,0.0000,0,0,0.0000,12,3,,https://capec.mitre.org/data/definitions/50.html
84,How does password recovery exploitation target insecurely st...,1,"<s,*,o>",https://capec.mitre.org/data/definitions/50.html,Yes,http://purl.org/cyber/uco#CWE-522,Yes,,No,2,2,1.0000,0.0741,0.1379,1,1,1.0000,27,3,https://capec.mitre.org/data/definitions/50.html; http://purl.org/cyber/uco#CWE-522,https://capec.mitre.org/data/definitions/50.html; http://purl.org/cyber/uco#CWE-522
85,What credential protection weakness enables password recover...,1,"<s,p,*>",https://capec.mitre.org/data/definitions/50.html,Yes,,No,,No,1,1,1.0000,0.1429,0.2500,0,0,0.0000,7,3,https://capec.mitre.org/data/definitions/50.html,https://capec.mitre.org/data/definitions/50.html
86,Why do insecure credential transmissions expose password rec...,1,"<s,p,o>",https://capec.mitre.org/data/definitions/50.html,Yes,http://purl.org/cyber/uco#CWE-522,Yes,,No,2,2,1.0000,0.0741,0.1379,1,1,1.0000,27,3,https://capec.mitre.org/data/definitions/50.html; http://purl.org/cyber/uco#CWE-522,https://capec.mitre.org/data/definitions/50.html; http://purl.org/cyber/uco#CWE-522
87,How does cache data lifting exploit improper register cleari...,1,"<s,*,o>",https://capec.mitre.org/data/definitions/204.html,Yes,http://purl.org/cyber/uco#CWE-1239,Yes,,No,2,2,1.0000,0.1053,0.1905,0,1,0.3333,19,3,https://capec.mitre.org/data/definitions/204.html; http://purl.org/cyber/uco#CWE-1239,https://capec.mitre.org/data/definitions/204.html; http://purl.org/cyber/uco#CWE-1239
88,What hardware weakness enables sensitive data extraction fro...,1,"<s,p,*>",https://capec.mitre.org/data/definitions/204.html,Yes,,No,,No,1,1,1.0000,0.0526,0.1000,1,1,1.0000,19,3,https://capec.mitre.org/data/definitions/204.html,https://capec.mitre.org/data/definitions/204.html
89,Why does incomplete register zeroization expose cached sensi...,1,"<s,p,o>",https://capec.mitre.org/data/definitions/204.html,Yes,http://purl.org/cyber/uco#CWE-1239,Yes,,No,2,2,1.0000,0.1111,0.2000,0,0,0.0000,18,3,https://capec.mitre.org/data/definitions/204.html; http://purl.org/cyber/uco#CWE-1239,https://capec.mitre.org/data/definitions/204.html; http://purl.org/cyber/uco#CWE-1239
90,How does cache data lifting map to local system collection?,1,"<s,*,o>",https://capec.mitre.org/data/definitions/204.html,Yes,http://example.com/ucoex#T1005,Yes,,No,2,2,1.0000,0.0571,0.1081,0,1,0.5000,35,3,https://capec.mitre.org/data/definitions/204.html; http://example.com/ucoex#T1005,https://capec.mitre.org/data/definitions/204.html; http://example.com/ucoex#T1005
91,Which ATT&CK technique corresponds to sensitive cache examin...,1,"<s,p,*>",https://capec.mitre.org/data/definitions/204.html,Yes,,No,,No,1,1,1.0000,0.0227,0.0444,1,1,1.0000,44,3,https://capec.mitre.org/data/definitions/204.html,https://capec.mitre.org/data/definitions/204.html
92,Why does cache exploitation align with local data collection...,1,"<s,p,o>",https://capec.mitre.org/data/definitions/204.html,Yes,http://example.com/ucoex#T1005,Yes,,No,2,2,1.0000,0.1000,0.1818,0,1,0.5000,20,3,https://capec.mitre.org/data/definitions/204.html; http://example.com/ucoex#T1005,https://capec.mitre.org/data/definitions/204.html; http://example.com/ucoex#T1005
93,How does Keydnap malware use launch agents for persistence?,1,"<s,*,o>",http://example.com/ucoex#S0276,Yes,http://example.com/ucoex#T1543.001,Yes,,No,2,2,1.0000,0.0500,0.0952,0,1,0.5000,40,3,http://example.com/ucoex#S0276; http://example.com/ucoex#T1543.001,http://example.com/ucoex#S0276; http://example.com/ucoex#T1543.001
94,Which persistence technique does Keydnap malware employ for ...,1,"<s,p,*>",http://example.com/ucoex#S0276,No,,No,,No,0,1,0.0000,0.0000,0.0000,0,0,0.0000,41,3,,http://example.com/ucoex#S0276
95,Why do keychain-stealing tools leverage launch agent modific...,1,"<s,p,o>",http://example.com/ucoex#S0276,Yes,http://example.com/ucoex#T1543.001,Yes,,No,2,2,1.0000,0.0392,0.0755,1,1,1.0000,51,3,http://example.com/ucoex#S0276; http://example.com/ucoex#T1543.001,http://example.com/ucoex#S0276; http://example.com/ucoex#T1543.001
96,How does Orangeworm use web protocols to avoid detection?,1,"<s,*,o>",http://example.com/ucoex#G0071,Yes,http://example.com/ucoex#T1071.001,Yes,,No,2,2,1.0000,0.0556,0.1053,1,1,1.0000,36,3,http://example.com/ucoex#G0071; http://example.com/ucoex#T1071.001,http://example.com/ucoex#G0071; http://example.com/ucoex#T1071.001
97,Which communication technique does Orangeworm employ for com...,1,"<s,p,*>",http://example.com/ucoex#G0071,Yes,,No,,No,1,1,1.0000,0.0244,0.0476,1,1,1.0000,41,3,http://example.com/ucoex#G0071,http://example.com/ucoex#G0071
98,Why do healthcare-targeting threat groups leverage web proto...,1,"<s,p,o>",http://example.com/ucoex#G0071,No,http://example.com/ucoex#T1071.001,No,,No,0,2,0.0000,0.0000,0.0000,0,0,0.0000,40,3,,http://example.com/ucoex#G0071; http://example.com/ucoex#T1071.001
99,How does KV Botnet Activity use non-application protocols fo...,1,"<s,*,o>",http://example.com/ucoex#C0035,Yes,http://example.com/ucoex#T1095,Yes,,No,2,2,1.0000,0.0488,0.0930,1,1,1.0000,41,3,http://example.com/ucoex#C0035; http://example.com/ucoex#T1095,http://example.com/ucoex#C0035; http://example.com/ucoex#T1095
100,Which communication technique does KV Botnet employ for infr...,1,"<s,p,*>",http://example.com/ucoex#C0035,Yes,,No,,No,1,1,1.0000,0.0213,0.0417,1,1,1.0000,47,3,http://example.com/ucoex#C0035,http://example.com/ucoex#C0035
101,Why do critical infrastructure botnets leverage less-monitor...,1,"<s,p,o>",http://example.com/ucoex#C0035,Yes,http://example.com/ucoex#T1095,No,,No,1,2,0.5000,0.0323,0.0606,0,0,0.0000,31,3,http://example.com/ucoex#C0035,http://example.com/ucoex#C0035; http://example.com/ucoex#T1095
102,How could Indian Critical Infrastructure Intrusions enable C...,2,"<s,*,o>",http://example.com/ucoex#C0043,Yes,http://example.com/ucoex#T1599,Yes,http://example.com/ucoex#M1043,Yes,3,3,1.0000,0.1429,0.2500,0,0,0.0000,21,3,http://example.com/ucoex#C0043; http://example.com/ucoex#T1599; http://example.com/ucoex#M1043,http://example.com/ucoex#C0043; http://example.com/ucoex#T1599; http://example.com/ucoex#M1043
103,Which factors link Indian Critical Infrastructure Intrusions...,2,"<s,*,o>",http://example.com/ucoex#C0043,Yes,http://example.com/ucoex#T1599,Yes,http://example.com/ucoex#M1043,Yes,3,3,1.0000,0.0968,0.1765,0,1,0.3333,31,3,http://example.com/ucoex#C0043; http://example.com/ucoex#T1599; http://example.com/ucoex#M1043,http://example.com/ucoex#C0043; http://example.com/ucoex#T1599; http://example.com/ucoex#M1043
104,How might Indian Critical Infrastructure Intrusions escalate...,2,"<s,*,o>",http://example.com/ucoex#C0043,Yes,http://example.com/ucoex#T1599,Yes,http://example.com/ucoex#M1043,Yes,3,3,1.0000,0.1200,0.2143,1,1,1.0000,25,3,http://example.com/ucoex#C0043; http://example.com/ucoex#T1599; http://example.com/ucoex#M1043,http://example.com/ucoex#C0043; http://example.com/ucoex#T1599; http://example.com/ucoex#M1043
105,What links Indian Critical Infrastructure Intrusions to Cred...,2,"<s,*,o>",http://example.com/ucoex#C0043,Yes,http://example.com/ucoex#T1599,Yes,http://example.com/ucoex#M1043,Yes,3,3,1.0000,0.0938,0.1714,0,1,0.5000,32,3,http://example.com/ucoex#C0043; http://example.com/ucoex#T1599; http://example.com/ucoex#M1043,http://example.com/ucoex#C0043; http://example.com/ucoex#T1599; http://example.com/ucoex#M1043
106,How does Indian Critical Infrastructure Intrusions relate to...,2,"<s,*,o>",http://example.com/ucoex#C0043,Yes,http://example.com/ucoex#T1599,Yes,http://example.com/ucoex#M1043,Yes,3,3,1.0000,0.0789,0.1463,0,1,0.5000,38,3,http://example.com/ucoex#C0043; http://example.com/ucoex#T1599; http://example.com/ucoex#M1043,http://example.com/ucoex#C0043; http://example.com/ucoex#T1599; http://example.com/ucoex#M1043
107,How could BUSHWALK’s use of Traffic Signaling inform additio...,2,"<s,p,*>",http://example.com/ucoex#S1118,No,http://example.com/ucoex#T1205,Yes,http://example.com/ucoex#M1037,Yes,2,3,0.6667,0.0400,0.0755,0,0,0.0000,50,3,http://example.com/ucoex#T1205; http://example.com/ucoex#M1037,http://example.com/ucoex#S1118; http://example.com/ucoex#T1205; http://example.com/ucoex#M1037
108,Which defensive gaps emerge when BUSHWALK leverages Traffic ...,2,"<s,p,*>",http://example.com/ucoex#S1118,Yes,http://example.com/ucoex#T1205,Yes,http://example.com/ucoex#M1037,Yes,3,3,1.0000,0.0566,0.1071,0,1,0.5000,53,3,http://example.com/ucoex#S1118; http://example.com/ucoex#T1205; http://example.com/ucoex#M1037,http://example.com/ucoex#S1118; http://example.com/ucoex#T1205; http://example.com/ucoex#M1037
109,How might BUSHWALK’s traffic-signaling behavior bypass or st...,2,"<s,p,*>",http://example.com/ucoex#S1118,No,http://example.com/ucoex#T1205,No,http://example.com/ucoex#M1037,Yes,1,3,0.3333,0.0385,0.0690,0,0,0.0000,26,3,http://example.com/ucoex#M1037,http://example.com/ucoex#S1118; http://example.com/ucoex#T1205; http://example.com/ucoex#M1037
110,Which network-filtering measures most directly counter BUSHW...,2,"<s,p,*>",http://example.com/ucoex#S1118,No,http://example.com/ucoex#T1205,Yes,http://example.com/ucoex#M1037,Yes,2,3,0.6667,0.0400,0.0755,0,0,0.0000,50,3,http://example.com/ucoex#T1205; http://example.com/ucoex#M1037,http://example.com/ucoex#S1118; http://example.com/ucoex#T1205; http://example.com/ucoex#M1037
111,How could insights from BUSHWALK’s signaling technique impro...,2,"<s,p,*>",http://example.com/ucoex#S1118,Yes,http://example.com/ucoex#T1205,Yes,http://example.com/ucoex#M1037,Yes,3,3,1.0000,0.0682,0.1277,1,1,1.0000,44,3,http://example.com/ucoex#S1118; http://example.com/ucoex#T1205; http://example.com/ucoex#M1037,http://example.com/ucoex#S1118; http://example.com/ucoex#T1205; http://example.com/ucoex#M1037
112,How could Content Spoofing relate to Data Backup through its...,2,"<s,p,o>",https://capec.mitre.org/data/definitions/148.html,Yes,http://example.com/ucoex#T1491,Yes,http://example.com/ucoex#M1053,Yes,3,3,1.0000,0.2308,0.3750,1,1,1.0000,13,3,https://capec.mitre.org/data/definitions/148.html; http://example.com/ucoex#T1491; http://example.com/ucoex#M1053,https://capec.mitre.org/data/definitions/148.html; http://example.com/ucoex#T1491; http://example.com/ucoex#M1053
113,Which factors link Content Spoofing to Data Backup through t...,2,"<s,p,o>",https://capec.mitre.org/data/definitions/148.html,Yes,http://example.com/ucoex#T1491,Yes,http://example.com/ucoex#M1053,Yes,3,3,1.0000,0.1429,0.2500,0,1,0.5000,21,3,https://capec.mitre.org/data/definitions/148.html; http://example.com/ucoex#T1491; http://example.com/ucoex#M1053,https://capec.mitre.org/data/definitions/148.html; http://example.com/ucoex#T1491; http://example.com/ucoex#M1053
114,How does Content Spoofing map through Defacement to mitigati...,2,"<s,p,o>",https://capec.mitre.org/data/definitions/148.html,Yes,http://example.com/ucoex#T1491,Yes,http://example.com/ucoex#M1053,Yes,3,3,1.0000,0.1250,0.2222,1,1,1.0000,24,3,https://capec.mitre.org/data/definitions/148.html; http://example.com/ucoex#T1491; http://example.com/ucoex#M1053,https://capec.mitre.org/data/definitions/148.html; http://example.com/ucoex#T1491; http://example.com/ucoex#M1053
115,What connects Content Spoofing to Data Backup when passed th...,2,"<s,p,o>",https://capec.mitre.org/data/definitions/148.html,Yes,http://example.com/ucoex#T1491,Yes,http://example.com/ucoex#M1053,Yes,3,3,1.0000,0.1154,0.2069,1,1,1.0000,26,3,https://capec.mitre.org/data/definitions/148.html; http://example.com/ucoex#T1491; http://example.com/ucoex#M1053,https://capec.mitre.org/data/definitions/148.html; http://example.com/ucoex#T1491; http://example.com/ucoex#M1053
116,How might Defacement mapping explain Data Backup’s role agai...,2,"<s,p,o>",https://capec.mitre.org/data/definitions/148.html,Yes,http://example.com/ucoex#T1491,Yes,http://example.com/ucoex#M1053,Yes,3,3,1.0000,0.1304,0.2308,1,1,1.0000,23,3,https://capec.mitre.org/data/definitions/148.html; http://example.com/ucoex#T1491; http://example.com/ucoex#M1053,https://capec.mitre.org/data/definitions/148.html; http://example.com/ucoex#T1491; http://example.com/ucoex#M1053
117,How could content spoofing lead to conditions requiring data...,2,"<s,p,o>",https://capec.mitre.org/data/definitions/204.html,No,http://purl.org/cyber/uco#CWE-1258,No,http://example.com/ucoex#CWE-1258-CVE-2021-33080,No,0,3,0.0000,0.0000,0.0000,0,0,0.0000,13,3,,https://capec.mitre.org/data/definitions/204.html; http://purl.org/cyber/uco#CWE-1258; http://example.com/ucoex#CWE-1258-CVE-2021-33080
118,Which conditions link content spoofing to the real-world SSD...,2,"<s,p,o>",https://capec.mitre.org/data/definitions/204.html,No,http://purl.org/cyber/uco#CWE-1258,No,http://example.com/ucoex#CWE-1258-CVE-2021-33080,No,0,3,0.0000,0.0000,0.0000,0,0,0.0000,21,3,,https://capec.mitre.org/data/definitions/204.html; http://purl.org/cyber/uco#CWE-1258; http://example.com/ucoex#CWE-1258-CVE-2021-33080
119,How does content spoofing relate to weaknesses demonstrated ...,2,"<s,p,o>",https://capec.mitre.org/data/definitions/204.html,No,http://purl.org/cyber/uco#CWE-1258,No,http://example.com/ucoex#CWE-1258-CVE-2021-33080,No,0,3,0.0000,0.0000,0.0000,0,0,0.0000,15,3,,https://capec.mitre.org/data/definitions/204.html; http://purl.org/cyber/uco#CWE-1258; http://example.com/ucoex#CWE-1258-CVE-2021-33080
120,Which weakness in content spoofing links to the SSD debug in...,2,"<s,p,o>",https://capec.mitre.org/data/definitions/204.html,No,http://purl.org/cyber/uco#CWE-1258,No,http://example.com/ucoex#CWE-1258-CVE-2021-33080,No,0,3,0.0000,0.0000,0.0000,0,0,0.0000,7,3,,https://capec.mitre.org/data/definitions/204.html; http://purl.org/cyber/uco#CWE-1258; http://example.com/ucoex#CWE-1258-CVE-2021-33080
121,How does the cache-lifting pattern connect to exposure seen ...,2,"<s,p,o>",https://capec.mitre.org/data/definitions/204.html,Yes,http://purl.org/cyber/uco#CWE-1258,Yes,http://example.com/ucoex#CWE-1258-CVE-2021-33080,No,2,3,0.6667,0.0870,0.1538,1,1,1.0000,23,3,https://capec.mitre.org/data/definitions/204.html; http://purl.org/cyber/uco#CWE-1258,https://capec.mitre.org/data/definitions/204.html; http://purl.org/cyber/uco#CWE-1258; http://example.com/ucoex#CWE-1258-CVE-2021-33080
122,How could WebView Exposure lead to conditions seen in the su...,2,"<s,*,o>",https://capec.mitre.org/data/definitions/503.html,Yes,http://purl.org/cyber/uco#CWE-284,Yes,http://example.com/ucoex#CWE-284-CVE-2022-23607,No,2,3,0.6667,0.1818,0.2857,1,1,1.0000,11,3,https://capec.mitre.org/data/definitions/503.html; http://purl.org/cyber/uco#CWE-284,https://capec.mitre.org/data/definitions/503.html; http://purl.org/cyber/uco#CWE-284; http://example.com/ucoex#CWE-284-CVE-2022-23607
123,Which factors connect WebView Exposure to the supercookie vu...,2,"<s,*,o>",https://capec.mitre.org/data/definitions/503.html,Yes,http://purl.org/cyber/uco#CWE-284,Yes,http://example.com/ucoex#CWE-284-CVE-2022-23607,No,2,3,0.6667,0.2222,0.3333,1,1,1.0000,9,3,https://capec.mitre.org/data/definitions/503.html; http://purl.org/cyber/uco#CWE-284,https://capec.mitre.org/data/definitions/503.html; http://purl.org/cyber/uco#CWE-284; http://example.com/ucoex#CWE-284-CVE-2022-23607
124,How might WebView Exposure contribute to access control fail...,2,"<s,*,o>",https://capec.mitre.org/data/definitions/503.html,No,http://purl.org/cyber/uco#CWE-284,No,http://example.com/ucoex#CWE-284-CVE-2022-23607,No,0,3,0.0000,0.0000,0.0000,0,0,0.0000,8,3,,https://capec.mitre.org/data/definitions/503.html; http://purl.org/cyber/uco#CWE-284; http://example.com/ucoex#CWE-284-CVE-2022-23607
125,Which pathway links WebView Exposure to the cookie leakage d...,2,"<s,*,o>",https://capec.mitre.org/data/definitions/503.html,No,http://purl.org/cyber/uco#CWE-284,No,http://example.com/ucoex#CWE-284-CVE-2022-23607,No,0,3,0.0000,0.0000,0.0000,0,0,0.0000,9,3,,https://capec.mitre.org/data/definitions/503.html; http://purl.org/cyber/uco#CWE-284; http://example.com/ucoex#CWE-284-CVE-2022-23607
126,How does WebView Exposure relate to the supercookie behavior...,2,"<s,*,o>",https://capec.mitre.org/data/definitions/503.html,Yes,http://purl.org/cyber/uco#CWE-284,Yes,http://example.com/ucoex#CWE-284-CVE-2022-23607,No,2,3,0.6667,0.1818,0.2857,1,1,1.0000,11,3,https://capec.mitre.org/data/definitions/503.html; http://purl.org/cyber/uco#CWE-284,https://capec.mitre.org/data/definitions/503.html; http://purl.org/cyber/uco#CWE-284; http://example.com/ucoex#CWE-284-CVE-2022-23607
127,How could BlueSmacking attacks lead to file descriptor exhau...,2,"<s,*,o>",https://capec.mitre.org/data/definitions/666.html,No,http://purl.org/cyber/uco#CWE-404,No,http://example.com/ucoex#CWE-404-CVE-2002-1372,No,0,3,0.0000,0.0000,0.0000,0,0,0.0000,11,3,,https://capec.mitre.org/data/definitions/666.html; http://purl.org/cyber/uco#CWE-404; http://example.com/ucoex#CWE-404-CVE-2002-1372
128,What resource management failures connect Bluetooth flooding...,2,"<s,p,*>",https://capec.mitre.org/data/definitions/666.html,Yes,http://purl.org/cyber/uco#CWE-404,Yes,http://example.com/ucoex#CWE-404-CVE-2002-1372,No,2,3,0.6667,0.1333,0.2222,1,1,1.0000,15,3,https://capec.mitre.org/data/definitions/666.html; http://purl.org/cyber/uco#CWE-404,https://capec.mitre.org/data/definitions/666.html; http://purl.org/cyber/uco#CWE-404; http://example.com/ucoex#CWE-404-CVE-2002-1372
129,How does Bluetooth DoS relate to unchecked file operation vu...,2,"<s,p,o>",https://capec.mitre.org/data/definitions/666.html,No,http://purl.org/cyber/uco#CWE-404,No,http://example.com/ucoex#CWE-404-CVE-2002-1372,No,0,3,0.0000,0.0000,0.0000,0,0,0.0000,8,3,,https://capec.mitre.org/data/definitions/666.html; http://purl.org/cyber/uco#CWE-404; http://example.com/ucoex#CWE-404-CVE-2002-1372
130,How could BlueSmacking attacks relate to named pipe connecti...,2,"<s,*,o>",https://capec.mitre.org/data/definitions/666.html,Yes,http://purl.org/cyber/uco#CWE-404,Yes,http://example.com/ucoex#CWE-404-CVE-1999-1127,No,2,3,0.6667,0.1250,0.2105,1,1,1.0000,16,3,https://capec.mitre.org/data/definitions/666.html; http://purl.org/cyber/uco#CWE-404,https://capec.mitre.org/data/definitions/666.html; http://purl.org/cyber/uco#CWE-404; http://example.com/ucoex#CWE-404-CVE-1999-1127
131,What resource release failures connect Bluetooth flooding to...,2,"<s,p,*>",https://capec.mitre.org/data/definitions/666.html,No,http://purl.org/cyber/uco#CWE-404,No,http://example.com/ucoex#CWE-404-CVE-1999-1127,No,0,3,0.0000,0.0000,0.0000,0,0,0.0000,9,3,,https://capec.mitre.org/data/definitions/666.html; http://purl.org/cyber/uco#CWE-404; http://example.com/ucoex#CWE-404-CVE-1999-1127
132,How does Bluetooth DoS relate to malformed data pipe failure...,2,"<s,p,o>",https://capec.mitre.org/data/definitions/666.html,Yes,http://purl.org/cyber/uco#CWE-404,Yes,http://example.com/ucoex#CWE-404-CVE-1999-1127,No,2,3,0.6667,0.1250,0.2105,0,1,0.3333,16,3,https://capec.mitre.org/data/definitions/666.html; http://purl.org/cyber/uco#CWE-404,https://capec.mitre.org/data/definitions/666.html; http://purl.org/cyber/uco#CWE-404; http://example.com/ucoex#CWE-404-CVE-1999-1127
133,How could BlueSmacking attacks relate to socket exhaustion v...,2,"<s,*,o>",https://capec.mitre.org/data/definitions/666.html,No,http://purl.org/cyber/uco#CWE-404,No,http://example.com/ucoex#CWE-404-CVE-2001-0830,Yes,1,3,0.3333,0.0909,0.1429,0,0,0.0000,11,3,http://example.com/ucoex#CWE-404-CVE-2001-0830,https://capec.mitre.org/data/definitions/666.html; http://purl.org/cyber/uco#CWE-404; http://example.com/ucoex#CWE-404-CVE-2001-0830
134,What resource cleanup failures connect Bluetooth flooding to...,2,"<s,p,*>",https://capec.mitre.org/data/definitions/666.html,No,http://purl.org/cyber/uco#CWE-404,No,http://example.com/ucoex#CWE-404-CVE-2001-0830,No,0,3,0.0000,0.0000,0.0000,0,0,0.0000,8,3,,https://capec.mitre.org/data/definitions/666.html; http://purl.org/cyber/uco#CWE-404; http://example.com/ucoex#CWE-404-CVE-2001-0830
135,How does Bluetooth DoS relate to repeated connection socket ...,2,"<s,p,o>",https://capec.mitre.org/data/definitions/666.html,Yes,http://purl.org/cyber/uco#CWE-404,Yes,http://example.com/ucoex#CWE-404-CVE-2001-0830,No,2,3,0.6667,0.1333,0.2222,0,1,0.3333,15,3,https://capec.mitre.org/data/definitions/666.html; http://purl.org/cyber/uco#CWE-404,https://capec.mitre.org/data/definitions/666.html; http://purl.org/cyber/uco#CWE-404; http://example.com/ucoex#CWE-404-CVE-2001-0830
136,How could error page XSS exploitation enable targeted parame...,2,"<s,*,o>",https://capec.mitre.org/data/definitions/198.html,No,http://purl.org/cyber/uco#CWE-81,No,http://example.com/ucoex#CWE-81-CVE-2002-1700,No,0,3,0.0000,0.0000,0.0000,0,0,0.0000,9,3,,https://capec.mitre.org/data/definitions/198.html; http://purl.org/cyber/uco#CWE-81; http://example.com/ucoex#CWE-81-CVE-2002-1700
137,What script neutralization failures enable XSS through malfo...,2,"<s,p,*>",https://capec.mitre.org/data/definitions/198.html,No,http://purl.org/cyber/uco#CWE-81,No,http://example.com/ucoex#CWE-81-CVE-2002-1700,No,0,3,0.0000,0.0000,0.0000,0,0,0.0000,9,3,,https://capec.mitre.org/data/definitions/198.html; http://purl.org/cyber/uco#CWE-81; http://example.com/ucoex#CWE-81-CVE-2002-1700
138,How does malformed request XSS connect to targeted parameter...,2,"<s,p,o>",https://capec.mitre.org/data/definitions/198.html,No,http://purl.org/cyber/uco#CWE-81,No,http://example.com/ucoex#CWE-81-CVE-2002-1700,No,0,3,0.0000,0.0000,0.0000,0,0,0.0000,7,3,,https://capec.mitre.org/data/definitions/198.html; http://purl.org/cyber/uco#CWE-81; http://example.com/ucoex#CWE-81-CVE-2002-1700
139,How could error page XSS exploitation enable Host header att...,2,"<s,*,o>",https://capec.mitre.org/data/definitions/198.html,No,http://purl.org/cyber/uco#CWE-81,No,http://example.com/ucoex#CWE-81-CVE-2002-0840,No,0,3,0.0000,0.0000,0.0000,0,0,0.0000,11,3,,https://capec.mitre.org/data/definitions/198.html; http://purl.org/cyber/uco#CWE-81; http://example.com/ucoex#CWE-81-CVE-2002-0840
140,What script neutralization failures enable XSS through malfo...,2,"<s,p,*>",https://capec.mitre.org/data/definitions/198.html,No,http://purl.org/cyber/uco#CWE-81,No,http://example.com/ucoex#CWE-81-CVE-2002-0840,No,0,3,0.0000,0.0000,0.0000,0,0,0.0000,8,3,,https://capec.mitre.org/data/definitions/198.html; http://purl.org/cyber/uco#CWE-81; http://example.com/ucoex#CWE-81-CVE-2002-0840
141,How does malformed request XSS connect to Host header vulner...,2,"<s,p,o>",https://capec.mitre.org/data/definitions/198.html,No,http://purl.org/cyber/uco#CWE-81,No,http://example.com/ucoex#CWE-81-CVE-2002-0840,No,0,3,0.0000,0.0000,0.0000,0,0,0.0000,9,3,,https://capec.mitre.org/data/definitions/198.html; http://purl.org/cyber/uco#CWE-81; http://example.com/ucoex#CWE-81-CVE-2002-0840
142,How could error page XSS exploitation manifest in error mess...,2,"<s,*,o>",https://capec.mitre.org/data/definitions/198.html,No,http://purl.org/cyber/uco#CWE-81,No,http://example.com/ucoex#CWE-81-CVE-2002-1053,No,0,3,0.0000,0.0000,0.0000,0,0,0.0000,9,3,,https://capec.mitre.org/data/definitions/198.html; http://purl.org/cyber/uco#CWE-81; http://example.com/ucoex#CWE-81-CVE-2002-1053
143,What script neutralization failures enable XSS through malfo...,2,"<s,p,*>",https://capec.mitre.org/data/definitions/198.html,No,http://purl.org/cyber/uco#CWE-81,No,http://example.com/ucoex#CWE-81-CVE-2002-1053,No,0,3,0.0000,0.0000,0.0000,0,0,0.0000,9,3,,https://capec.mitre.org/data/definitions/198.html; http://purl.org/cyber/uco#CWE-81; http://example.com/ucoex#CWE-81-CVE-2002-1053
144,How does malformed request XSS connect to error message vuln...,2,"<s,p,o>",https://capec.mitre.org/data/definitions/198.html,No,http://purl.org/cyber/uco#CWE-81,No,http://example.com/ucoex#CWE-81-CVE-2002-1053,No,0,3,0.0000,0.0000,0.0000,0,0,0.0000,8,3,,https://capec.mitre.org/data/definitions/198.html; http://purl.org/cyber/uco#CWE-81; http://example.com/ucoex#CWE-81-CVE-2002-1053
145,How could file extension space manipulation lead to source d...,2,"<s,*,o>",https://capec.mitre.org/data/definitions/649.html,Yes,http://purl.org/cyber/uco#CWE-46,Yes,http://example.com/ucoex#CWE-46-CVE-2005-0622,No,2,3,0.6667,0.1333,0.2222,1,1,1.0000,15,3,https://capec.mitre.org/data/definitions/649.html; http://purl.org/cyber/uco#CWE-46,https://capec.mitre.org/data/definitions/649.html; http://purl.org/cyber/uco#CWE-46; http://example.com/ucoex#CWE-46-CVE-2005-0622
146,What path validation failures enable trailing space exploita...,2,"<s,p,*>",https://capec.mitre.org/data/definitions/649.html,No,http://purl.org/cyber/uco#CWE-46,No,http://example.com/ucoex#CWE-46-CVE-2005-0622,No,0,3,0.0000,0.0000,0.0000,0,0,0.0000,9,3,,https://capec.mitre.org/data/definitions/649.html; http://purl.org/cyber/uco#CWE-46; http://example.com/ucoex#CWE-46-CVE-2005-0622
147,How does file extension manipulation connect to encoded spac...,2,"<s,p,o>",https://capec.mitre.org/data/definitions/649.html,Yes,http://purl.org/cyber/uco#CWE-46,Yes,http://example.com/ucoex#CWE-46-CVE-2005-0622,No,2,3,0.6667,0.0952,0.1667,1,1,1.0000,21,3,https://capec.mitre.org/data/definitions/649.html; http://purl.org/cyber/uco#CWE-46,https://capec.mitre.org/data/definitions/649.html; http://purl.org/cyber/uco#CWE-46; http://example.com/ucoex#CWE-46-CVE-2005-0622
148,How could file extension space manipulation lead to source d...,2,"<s,*,o>",https://capec.mitre.org/data/definitions/649.html,Yes,http://purl.org/cyber/uco#CWE-46,Yes,http://example.com/ucoex#CWE-46-CVE-2002-1451,Yes,3,3,1.0000,0.2143,0.3529,1,1,1.0000,14,3,https://capec.mitre.org/data/definitions/649.html; http://purl.org/cyber/uco#CWE-46; http://example.com/ucoex#CWE-46-CVE-2002-1451,https://capec.mitre.org/data/definitions/649.html; http://purl.org/cyber/uco#CWE-46; http://example.com/ucoex#CWE-46-CVE-2002-1451
149,What path validation failures enable query string source dis...,2,"<s,p,*>",https://capec.mitre.org/data/definitions/649.html,No,http://purl.org/cyber/uco#CWE-46,No,http://example.com/ucoex#CWE-46-CVE-2002-1451,No,0,3,0.0000,0.0000,0.0000,0,0,0.0000,9,3,,https://capec.mitre.org/data/definitions/649.html; http://purl.org/cyber/uco#CWE-46; http://example.com/ucoex#CWE-46-CVE-2002-1451
150,How does file extension manipulation connect to query string...,2,"<s,p,o>",https://capec.mitre.org/data/definitions/649.html,No,http://purl.org/cyber/uco#CWE-46,No,http://example.com/ucoex#CWE-46-CVE-2002-1451,No,0,3,0.0000,0.0000,0.0000,0,0,0.0000,8,3,,https://capec.mitre.org/data/definitions/649.html; http://purl.org/cyber/uco#CWE-46; http://example.com/ucoex#CWE-46-CVE-2002-1451
151,What enables source code exposure through trailing space pat...,2,"<s,p,*>",https://capec.mitre.org/data/definitions/649.html,Yes,http://purl.org/cyber/uco#CWE-46,Yes,http://example.com/ucoex#CWE-46-CVE-2002-1451,Yes,3,3,1.0000,0.1765,0.3000,1,1,1.0000,17,3,https://capec.mitre.org/data/definitions/649.html; http://purl.org/cyber/uco#CWE-46; http://example.com/ucoex#CWE-46-CVE-2002-1451,https://capec.mitre.org/data/definitions/649.html; http://purl.org/cyber/uco#CWE-46; http://example.com/ucoex#CWE-46-CVE-2002-1451
