Category,NaturalLanguageQuestion,CypherQuery,CypherToQuestion,ExpectedNodeLabels,ExpectedRelationshipTypes,ExpectedProperties,Hops,ExtractedPropertyValues
Node Lookup Queries,Show me all data on the 'SolarWinds Orion' campaign.,MATCH (c:UcoexCAMPAIGNS {ucoexNAME: 'SolarWinds Orion'}) RETURN c,Show me all information on the 'SolarWinds Orion' campaign.,"[""UcoexCAMPAIGNS""]",[],"[""ucoexNAME""]",0,"[""SolarWinds Orion""]"
Node Lookup Queries,What campaigns are attributed to the threat actor FIN7?,MATCH (g:UcoexGROUPS {ucoexNAME: 'FIN7'})<-[:UCOEXATTRIBUTEDTO]-(c:UcoexCAMPAIGNS) RETURN c.ucoexNAME,What campaigns are attributed to the 'FIN7' group?,"[""UcoexCAMPAIGNS"", ""UcoexGROUPS""]","[""UCOEXATTRIBUTEDTO""]","[""ucoexNAME""]",1,"[""FIN7""]"
Node Lookup Queries,Get the name and description for CAPEC-540.,"MATCH (c:UcoexCAPEC {ucoexCAPEC_id: 'CAPEC-540'}) RETURN c.ucoexCAPEC_name, c.ucoexDescription",What is the name and description for attack pattern 'CAPEC-540'?,"[""UcoexCAPEC""]",[],"[""ucoexCAPEC_id"", ""ucoexCAPEC_name"", ""ucoexDescription""]",0,"[""CAPEC-540""]"
Node Lookup Queries,"Show me vulnerability summaries for everything published on March 14, 2017.",MATCH (v:UcoVulnerability) WHERE v.ucopublishedDateTime = datetime('2017-03-14T00:00:00Z') RETURN v.ucosummary,"What are the summaries for vulnerabilities published on March 14, 2017?","[""UcoVulnerability""]",[],"[""ucopublishedDateTime"", ""ucosummary""]",0,"[""2017-03-14T00:00:00Z""]"
Relationship Traversal Queries,What CVE identifier corresponds to the 'EternalBlue' vulnerability?,MATCH (v:UcoVulnerability {uri: 'vuln-eternalblue'})-[:UCOHASCVE_ID]->(c:UcoCVE) RETURN c.label,What is the CVE ID for the 'vuln-eternalblue' vulnerability?,"[""UcoCVE"", ""UcoVulnerability""]","[""UCOHASCVE_ID""]","[""label"", ""uri""]",1,"[""vuln-eternalblue""]"
Relationship Traversal Queries,What tools or malware were utilized in the WannaCry attack?,MATCH (c:UcoexCAMPAIGNS {ucoexNAME: 'WannaCry Ransomware Attack'})-[:UCOEXCAMPAIGNUSESSOFTWARE]->(s:UcoexSOFTWARE) RETURN s.ucoexNAME,What software was used in the 'WannaCry Ransomware Attack'?,"[""UcoexCAMPAIGNS"", ""UcoexSOFTWARE""]","[""UCOEXCAMPAIGNUSESSOFTWARE""]","[""ucoexNAME""]",1,"[""WannaCry Ransomware Attack""]"
Relationship Traversal Queries,What CWEs are related to the 'CAPEC-115' attack pattern?,"MATCH (capec:UcoexCAPEC {ucoexCAPEC_id: 'CAPEC-115'})-[:UCOEXHASRELATEDWEAKNESS]->(cwe:UcoCWE) RETURN cwe.ucocweID, cwe.ucocweName",What weaknesses (CWEs) are related to the attack pattern 'CAPEC-115'?,"[""UcoCWE"", ""UcoexCAPEC""]","[""UCOEXHASRELATEDWEAKNESS""]","[""ucocweID"", ""ucocweName"", ""ucoexCAPEC_id""]",1,"[""CAPEC-115""]"
Relationship Traversal Queries,What D3FEND countermeasures map to ATT&CK technique T1003?,MATCH (d:UcoexMITRED3FEND)-[:UCOEXHASMITREATTACK]->(t:UcoexMITREATTACK {ucoexNAME: 'T1003'}) RETURN d.ucoexMITRED3FEND_LABEL,What D3FEND defenses are related to the 'T1003' attack technique?,"[""UcoexMITREATTACK"", ""UcoexMITRED3FEND""]","[""UCOEXHASMITREATTACK""]","[""ucoexMITRED3FEND_LABEL"", ""ucoexNAME""]",1,"[""T1003""]"
Multi-hop Queries,What tools are used by the threat actors behind the SolarWinds campaign?,MATCH (g:UcoexGROUPS)<-[:UCOEXATTRIBUTEDTO]-(:UcoexCAMPAIGNS {ucoexNAME: 'SolarWinds Orion Attack'})-[:UCOEXGROUPUSESSOFTWARE]->(s:UcoexSOFTWARE) RETURN s.ucoexNAME,What software was used by the 'SolarWinds Orion Attack' campaign (which has an attributed group)?,"[""UcoexCAMPAIGNS"", ""UcoexGROUPS"", ""UcoexSOFTWARE""]","[""UCOEXATTRIBUTEDTO"", ""UCOEXGROUPUSESSOFTWARE""]","[""ucoexNAME""]",2,"[""SolarWinds Orion Attack""]"
Multi-hop Queries,Which CVEs were exploited during the WannaCry campaign?,MATCH (:UcoexCAMPAIGNS {ucoexNAME: 'WannaCry Ransomware Attack'})-[:UCOEXCAMPAIGNUSESTECHNIQUE]->(t:UcoexMITREATTACK)<-[:UCOEXHASTAXONOMYMAPPING]-(:UcoexCAPEC)-[:UCOEXHASRELATEDWEAKNESS]->(:UcoCWE)<-[:UCOHASWEAKNESS]-(et:UcoExploitTarget)-[:UCOHASVULNERABILITY]->(v:UcoVulnerability)-[:UCOHASCVE_ID]->(cve:UcoCVE) RETURN cve.label,"What CVEs are exploited by the 'WannaCry' campaign, based on its chain of techniques, attack patterns, and weaknesses?","[""UcoCVE"", ""UcoCWE"", ""UcoExploitTarget"", ""UcoVulnerability"", ""UcoexCAMPAIGNS"", ""UcoexCAPEC"", ""UcoexMITREATTACK""]","[""UCOEXCAMPAIGNUSESTECHNIQUE"", ""UCOEXHASRELATEDWEAKNESS"", ""UCOEXHASTAXONOMYMAPPING"", ""UCOHASCVE_ID"", ""UCOHASVULNERABILITY"", ""UCOHASWEAKNESS""]","[""label"", ""ucoexNAME""]",6,"[""WannaCry Ransomware Attack""]"
Multi-hop Queries,"Find vulnerabilities that share the same weakness type (CWE) as CVE-2017-0144, based on observed incidents.",MATCH (:UcoCVE {label: 'CVE-2017-0144'})<-[:UCOEXEXAMPLEOBSERVEDIN]-(:UcoexObservedExample)<-[:UCOHASOBSERVEDEXAMPLE]-(w:UcoCWE)<-[:UCOHASWEAKNESS]-(:UcoExploitTarget)-[:UCOHASVULNERABILITY]->(v:UcoVulnerability) RETURN v.ucosummary,Find vulnerabilities linked to weaknesses that were observed in an example related to 'CVE-2017-0144'.,"[""UcoCVE"", ""UcoCWE"", ""UcoExploitTarget"", ""UcoVulnerability"", ""UcoexObservedExample""]","[""UCOEXEXAMPLEOBSERVEDIN"", ""UCOHASOBSERVEDEXAMPLE"", ""UCOHASVULNERABILITY"", ""UCOHASWEAKNESS""]","[""label"", ""ucosummary""]",4,"[""CVE-2017-0144""]"
Multi-hop Queries,Which campaigns leverage tools that rely on the 'PowerShell' TTP?,MATCH (c:UcoexCAMPAIGNS)-[:UCOEXCAMPAIGNUSESSOFTWARE]->(:UcoexSOFTWARE)-[:UCOEXSOFTWAREUSESTECHNIQUE]->(:UcoexMITREATTACK {ucoexNAME: 'PowerShell'}) RETURN c.ucoexNAME,Which campaigns use software that relies on the 'PowerShell' technique?,"[""UcoexCAMPAIGNS"", ""UcoexMITREATTACK"", ""UcoexSOFTWARE""]","[""UCOEXCAMPAIGNUSESSOFTWARE"", ""UCOEXSOFTWAREUSESTECHNIQUE""]","[""ucoexNAME""]",2,"[""PowerShell""]"
Multi-hop Queries,Which threat actors have TTP overlap with the SolarWinds campaign?,MATCH (:UcoexCAMPAIGNS {ucoexNAME: 'SolarWinds Orion Attack'})-[:UCOEXCAMPAIGNUSESTECHNIQUE]->(t:UcoexMITREATTACK)<-[:UCOEXGROUPUSESTECHNIQUE]-(g:UcoexGROUPS) RETURN g.ucoexNAME,Which groups use the same attack techniques as the 'SolarWinds Orion Attack' campaign?,"[""UcoexCAMPAIGNS"", ""UcoexGROUPS"", ""UcoexMITREATTACK""]","[""UCOEXCAMPAIGNUSESTECHNIQUE"", ""UCOEXGROUPUSESTECHNIQUE""]","[""ucoexNAME""]",2,"[""SolarWinds Orion Attack""]"
Conditional and Boolean Queries,Get all 'open-source' or 'commercial' software entries.,"MATCH (s:UcoexSOFTWARE) WHERE s.ucoexDOMAIN = 'open-source' OR s.ucoexDOMAIN = 'commercial' RETURN s.ucoexNAME, s.ucoexDOMAIN",List all software that is either 'open-source' or 'commercial'.,"[""UcoexSOFTWARE""]",[],"[""ucoexDOMAIN"", ""ucoexNAME""]",0,"[""commercial"", ""open-source""]"
Conditional and Boolean Queries,Pull all 'CRITICAL' severity CVEs published since the start of 2020.,MATCH (c:UcoCVE) WHERE c.ucobaseSeverity = 'CRITICAL' AND c.ucopublishedDateTime > datetime('2020-01-01T00:00:00Z') RETURN c.label,List all 'CRITICAL' CVEs published after the start of 2020.,"[""UcoCVE""]",[],"[""label"", ""ucobaseSeverity"", ""ucopublishedDateTime""]",0,"[""2020-01-01T00:00:00Z"", ""CRITICAL""]"
Path Queries (Variable-length),Is there any relationship at all between the SolarWinds campaign and Mimikatz?,MATCH p = (:UcoexCAMPAIGNS {ucoexNAME: 'SolarWinds Orion Attack'})-[*]-(:UcoexSOFTWARE {ucoexNAME: 'Mimikatz'}) RETURN CASE WHEN length(p) > 0 THEN true ELSE false END AS connectionExists LIMIT 1,Is there any connection between the 'SolarWinds Orion Attack' and 'Mimikatz'?,"[""UcoexCAMPAIGNS"", ""UcoexSOFTWARE""]",[],"[""ucoexNAME""]",1,"[""0"", ""Mimikatz"", ""SolarWinds Orion Attack"", ""false"", ""true""]"
Path Queries (Variable-length),What's the shortest path connecting APT28 to the PowerShell TTP?,MATCH p = shortestPath((:UcoexGROUPS {ucoexNAME: 'APT28'})-[*]-(:UcoexMITREATTACK {ucoexNAME: 'PowerShell'})) RETURN p,What's the shortest path between the 'APT28' group and the 'PowerShell' technique?,"[""UcoexGROUPS"", ""UcoexMITREATTACK""]",[],"[""ucoexNAME""]",1,"[""APT28"", ""PowerShell""]"
Path Queries (Variable-length),Trace the attack path from any campaign that leads to the exploitation of CVE-2017-0144.,MATCH p = (:UcoexCAMPAIGNS)-[*]->(:UcoCVE {label: 'CVE-2017-0144'}) RETURN p,Show me any attack path from a campaign that leads to 'CVE-2017-0144'.,"[""UcoCVE"", ""UcoexCAMPAIGNS""]",[],"[""label""]",1,"[""CVE-2017-0144""]"
Path Queries (Variable-length),"Show me mitigations that are two hops away from FIN7 (e.g., for TTPs they use).",MATCH (:UcoexGROUPS {ucoexNAME: 'FIN7'})-[*2]->(m:UcoexMITIGATIONS) RETURN DISTINCT m.ucoexNAME,What mitigations are 2 hops away from the 'FIN7' group?,"[""UcoexGROUPS"", ""UcoexMITIGATIONS""]",[],"[""ucoexNAME""]",1,"[""FIN7""]"
Path Queries (Variable-length),"Map out all outbound connections from the WannaCry campaign, up to 4 hops deep.",MATCH p = (:UcoexCAMPAIGNS {ucoexNAME: 'WannaCry Ransomware Attack'})-[*1..4]->(n) RETURN p,Show all paths 1 to 4 hops long starting from the 'WannaCry Ransomware Attack'.,"[""UcoexCAMPAIGNS""]",[],"[""ucoexNAME""]",1,"[""WannaCry Ransomware Attack""]"
Graph Pattern Matching,Which threat actors are known to use both PowerShell and Phishing TTPs?,MATCH (t1:UcoexMITREATTACK {ucoexNAME: 'PowerShell'})<-[:UCOEXGROUPUSESTECHNIQUE]-(g:UcoexGROUPS)-[:UCOEXGROUPUSESTECHNIQUE]->(t2:UcoexMITREATTACK {ucoexNAME: 'Phishing'}) RETURN g.ucoexNAME,Which groups use both 'PowerShell' and 'Phishing' techniques?,"[""UcoexGROUPS"", ""UcoexMITREATTACK""]","[""UCOEXGROUPUSESTECHNIQUE""]","[""ucoexNAME""]",2,"[""Phishing"", ""PowerShell""]"
Graph Pattern Matching,Which campaigns use TTPs linked to 'High' abstraction-level weaknesses (CWEs)?,MATCH (c:UcoexCAMPAIGNS)-[:UCOEXCAMPAIGNUSESTECHNIQUE]->(:UcoexMITREATTACK)<-[:UCOEXHASTAXONOMYMAPPING]-(:UcoexCAPEC)-[:UCOEXHASRELATEDWEAKNESS]->(w:UcoCWE {ucoabstraction: 'High'}) RETURN c.ucoexNAME,Which campaigns use techniques linked to 'High' abstraction weaknesses (CWEs)?,"[""UcoCWE"", ""UcoexCAMPAIGNS"", ""UcoexCAPEC"", ""UcoexMITREATTACK""]","[""UCOEXCAMPAIGNUSESTECHNIQUE"", ""UCOEXHASRELATEDWEAKNESS"", ""UCOEXHASTAXONOMYMAPPING""]","[""ucoabstraction"", ""ucoexNAME""]",3,"[""High""]"
Graph Pattern Matching,Which threat actors use TTPs that are linked (via CAPEC/CWE) to 'CRITICAL' severity CVEs?,MATCH (g:UcoexGROUPS)-[:UCOEXGROUPUSESTECHNIQUE]->(:UcoexMITREATTACK)<-[:UCOEXHASTAXONOMYMAPPING]-(:UcoexCAPEC)-[:UCOEXHASRELATEDWEAKNESS]->(:UcoCWE)<-[:UCOHASWEAKNESS]-(:UcoExploitTarget)-[:UCOHASVULNERABILITY]->(:UcoVulnerability)-[:UCOHASCVE_ID]->(c:UcoCVE {ucobaseSeverity: 'CRITICAL'}) RETURN g.ucoexNAME,Which groups use techniques that trace back to 'CRITICAL' severity CVEs?,"[""UcoCVE"", ""UcoCWE"", ""UcoExploitTarget"", ""UcoVulnerability"", ""UcoexCAPEC"", ""UcoexGROUPS"", ""UcoexMITREATTACK""]","[""UCOEXGROUPUSESTECHNIQUE"", ""UCOEXHASRELATEDWEAKNESS"", ""UCOEXHASTAXONOMYMAPPING"", ""UCOHASCVE_ID"", ""UCOHASVULNERABILITY"", ""UCOHASWEAKNESS""]","[""ucobaseSeverity"", ""ucoexNAME""]",6,"[""CRITICAL""]"
Comparative and Ranking,Which threat actor is linked to the highest number of 'CRITICAL' CVEs?,"MATCH (g:UcoexGROUPS)-[:UCOEXGROUPUSESTECHNIQUE]->(:UcoexMITREATTACK)<-[:UCOEXHASTAXONOMYMAPPING]-(:UcoexCAPEC)-[:UCOEXHASRELATEDWEAKNESS]->(:UcoCWE)<-[:UCOHASWEAKNESS]-(:UcoExploitTarget)-[:UCOHASVULNERABILITY]->(:UcoVulnerability)-[:UCOHASCVE_ID]->(c:UcoCVE {ucobaseSeverity: 'CRITICAL'}) RETURN g.ucoexNAME, count(c) as criticalCVEs ORDER BY criticalCVEs DESC LIMIT 1",Which group is linked to the most 'CRITICAL' CVEs through their techniques?,"[""UcoCVE"", ""UcoCWE"", ""UcoExploitTarget"", ""UcoVulnerability"", ""UcoexCAPEC"", ""UcoexGROUPS"", ""UcoexMITREATTACK""]","[""UCOEXGROUPUSESTECHNIQUE"", ""UCOEXHASRELATEDWEAKNESS"", ""UCOEXHASTAXONOMYMAPPING"", ""UCOHASCVE_ID"", ""UCOHASVULNERABILITY"", ""UCOHASWEAKNESS""]","[""ucobaseSeverity"", ""ucoexNAME""]",6,"[""CRITICAL""]"
Node Lookup Queries,List 'Received' CVEs that *do* allow full privilege escalation.,"MATCH (c:UcoCVE {ucovulnStatus: 'Received', ucoobtainAllPrivilege: 'true'}) RETURN c",Which 'Received' CVEs allow an attacker to 'obtain all privilege'?,"[""UcoCVE""]",[],"[""ucovulnStatus""]",0,"[""Received"", ""true""]"
Node Lookup Queries,"Pull all vulnerability records published on Jan 15, 2020.",MATCH (v:UcoVulnerability) WHERE v.ucopublishedDateTime STARTS WITH '2020-01-15' RETURN v,Find all vulnerabilities published on '2020-01-15'.,"[""UcoVulnerability""]",[],"[""ucopublishedDateTime""]",0,"[""2020-01-15""]"
Node Lookup Queries,"What vulnerabilities have been modified since June 1, 2021?",MATCH (v:UcoVulnerability) WHERE v.ucolastModifiedDateTime > '2021-06-01T00:00:00' RETURN v,"Which vulnerabilities have been modified since June 1, 2021?","[""UcoVulnerability""]",[],"[""ucolastModifiedDateTime""]",0,"[""2021-06-01T00:00:00""]"
Node Lookup Queries,List all 'CRITICAL' severity vulnerability records.,MATCH (v:UcoVulnerability {ucobaseSeverity: 'CRITICAL'}) RETURN v,List all 'CRITICAL' severity vulnerabilities.,"[""UcoVulnerability""]",[],"[""ucobaseSeverity""]",0,"[""CRITICAL""]"
Node Lookup Queries,List all 'HIGH' severity vulnerability records.,MATCH (v:UcoVulnerability {ucobaseSeverity: 'HIGH'}) RETURN v,List all 'HIGH' severity vulnerabilities.,"[""UcoVulnerability""]",[],"[""ucobaseSeverity""]",0,"[""HIGH""]"
Node Lookup Queries,Show all vulnerabilities with a status of 'Analyzed'.,MATCH (v:UcoVulnerability {ucovulnStatus: 'Analyzed'}) RETURN v,Which vulnerabilities have a status of 'Analyzed'?,"[""UcoVulnerability""]",[],"[""ucovulnStatus""]",0,"[""Analyzed""]"
Node Lookup Queries,Show vulnerabilities that *don't* grant full privileges.,MATCH (v:UcoVulnerability {ucoobtainAllPrivilege: 'false'}) RETURN v,Show me vulnerabilities that do not allow an attacker to 'obtain all privilege'.,"[""UcoVulnerability""]",[],"[""ucoobtainAllPrivilege""]",0,"[""false""]"
Node Lookup Queries,"List 'Base' level, 'Composite' structure CWEs with a 'Stable' status.","MATCH (c:UcoCWE {ucoabstraction: 'Base', ucostructure: 'Composite', ucostatus: 'Stable'}) RETURN c",List 'Base' level weaknesses with 'Composite' structure that are 'Stable'.,"[""UcoCWE""]",[],"[""ucoabstraction""]",0,"[""Base"", ""Composite"", ""Stable""]"
Node Lookup Queries,Pull the record for 'Insecure Default Initialization of Resource'.,MATCH (c:UcoCWE {ucocweName: 'Insecure Default Initialization of Resource'}) RETURN c,Show me all data for 'Insecure Default Initialization of Resource'.,"[""UcoCWE""]",[],"[""ucocweName""]",0,"[""Insecure Default Initialization of Resource""]"
Node Lookup Queries,Are there any weaknesses related to 'cross-site scripting' in the descriptions?,MATCH (c:UcoCWE) WHERE c.ucodescription CONTAINS 'cross-site scripting' RETURN c,Find all weaknesses that mention 'cross-site scripting' in their description.,"[""UcoCWE""]",[],"[""ucodescription""]",0,"[""cross-site scripting""]"
Node Lookup Queries,List all CWEs that talk about 'memory leak'.,MATCH (c:UcoCWE) WHERE c.ucodescription CONTAINS 'memory leak' RETURN c,Find all weaknesses that mention 'memory leak' in their description.,"[""UcoCWE""]",[],"[""ucodescription""]",0,"[""memory leak""]"
Node Lookup Queries,Show weaknesses involving 'deserialization'.,MATCH (c:UcoCWE) WHERE c.ucodescription CONTAINS 'deserialization' RETURN c,Show weaknesses that mention 'deserialization' in their description.,"[""UcoCWE""]",[],"[""ucodescription""]",0,"[""deserialization""]"
Node Lookup Queries,Get details for the 'Lateral Movement' TTP.,MATCH (t:UcoexMITREATTACK {ucoexNAME: 'Lateral Movement'}) RETURN t,Show me all data for the 'Lateral Movement' technique.,"[""UcoexMITREATTACK""]",[],"[""ucoexNAME""]",0,"[""Lateral Movement""]"
Node Lookup Queries,List all ATT&CK TTPs for the 'Mobile'.,MATCH (t:UcoexMITREATTACK {ucoexDOMAIN: 'Mobile'}) RETURN t.ucoexNAME,List the names of all 'Mobile' attack techniques.,"[""UcoexMITREATTACK""]",[],"[""ucoexDOMAIN"", ""ucoexNAME""]",0,"[""Mobile""]"
Node Lookup Queries,Get details for the 'WannaCry' campaign.,MATCH (c:UcoexCAMPAIGNS {ucoexNAME: 'WannaCry'}) RETURN c,Show me all data for the 'WannaCry' campaign.,"[""UcoexCAMPAIGNS""]",[],"[""ucoexNAME""]",0,"[""WannaCry""]"
Relationship Traversal Queries,List all CVEs with 'CRITICAL' severity and their associated CPEs.,"MATCH (v:UcoCVE {ucobaseSeverity: 'CRITICAL'})-[:UCOEXHASCPE]->(c:UcoexCPE) RETURN v.label, c.cpeName",List 'CRITICAL' CVEs and the products (CPEs) they affect.,"[""UcoCVE"", ""UcoexCPE""]","[""UCOEXHASCPE""]","[""cpeName"", ""label"", ""ucobaseSeverity""]",1,"[""CRITICAL""]"
Relationship Traversal Queries,Find all CVEs requiring user interaction and their CPEs.,"MATCH (v:UcoCVE {ucouserInteractionRequired: 'True'})-[:UCOEXHASCPE]->(c:UcoexCPE) RETURN v.label, c.cpeName",Find all CVEs that require user interaction and the products (CPEs) they affect.,"[""UcoCVE"", ""UcoexCPE""]","[""UCOEXHASCPE""]","[""cpeName"", ""label"", ""ucouserInteractionRequired""]",1,"[""True""]"
Relationship Traversal Queries,What is the CVE ID for the vulnerability described as 'Apache Log4j RCE'?,MATCH (vuln:UcoVulnerability)-[:UCOHASCVE_ID]->(cve:UcoCVE) WHERE vuln.ucosummary CONTAINS 'Apache Log4j RCE' RETURN cve.label,What is the CVE ID for the vulnerability with 'Apache Log4j RCE' in its summary?,"[""UcoCVE"", ""UcoVulnerability""]","[""UCOHASCVE_ID""]","[""label"", ""ucosummary""]",1,"[""Apache Log4j RCE""]"
Relationship Traversal Queries,List vulnerabilities published in 2024 and their CVEs.,"MATCH (vuln:UcoVulnerability)-[:UCOHASCVE_ID]->(cve:UcoCVE) WHERE vuln.ucopublishedDateTime STARTS WITH '2024' RETURN vuln.ucosummary, cve.label",List vulnerabilities published in 2024 and their CVE IDs.,"[""UcoCVE"", ""UcoVulnerability""]","[""UCOHASCVE_ID""]","[""label"", ""ucopublishedDateTime"", ""ucosummary""]",1,"[""2024""]"
Relationship Traversal Queries,Find all vulnerabilities and their associated 'CRITICAL' CVEs.,"MATCH (vuln:UcoVulnerability)-[:UCOHASCVE_ID]->(cve:UcoCVE {ucobaseSeverity: 'CRITICAL'}) RETURN cve.label, vuln.ucosummary",Find all 'CRITICAL' CVEs and their vulnerability summaries.,"[""UcoCVE"", ""UcoVulnerability""]","[""UCOHASCVE_ID""]","[""label"", ""ucobaseSeverity"", ""ucosummary""]",1,"[""CRITICAL""]"
Relationship Traversal Queries,What vulnerabilities are associated with the exploit target 'Apache Log4j 2'?,MATCH (et:UcoExploitTarget {uri: 'example/target/log4j2'})-[:UCOHASVULNERABILITY]->(vuln:UcoVulnerability) RETURN vuln.ucosummary,What vulnerabilities are linked to the exploit target 'example/target/log4j2'?,"[""UcoExploitTarget"", ""UcoVulnerability""]","[""UCOHASVULNERABILITY""]","[""ucosummary"", ""uri""]",1,"[""example/target/log4j2""]"
Relationship Traversal Queries,Find exploit targets for the 'Log4Shell' vulnerability.,MATCH (et:UcoExploitTarget)-[:UCOHASVULNERABILITY]->(vuln:UcoVulnerability) WHERE vuln.ucosummary CONTAINS 'Log4Shell' RETURN et.uri,What exploit targets are associated with the 'Log4Shell' vulnerability?,"[""UcoExploitTarget"", ""UcoVulnerability""]","[""UCOHASVULNERABILITY""]","[""ucosummary"", ""uri""]",1,"[""Log4Shell""]"
Relationship Traversal Queries,List exploit targets for vulnerabilities published after '2023-01-01'.,"MATCH (et:UcoExploitTarget)-[:UCOHASVULNERABILITY]->(vuln:UcoVulnerability) WHERE vuln.ucopublishedDateTime > '2023-01-01T00:00:00' RETURN et.uri, vuln.ucosummary","List exploit targets for vulnerabilities published after January 1, 2023.","[""UcoExploitTarget"", ""UcoVulnerability""]","[""UCOHASVULNERABILITY""]","[""ucopublishedDateTime"", ""ucosummary"", ""uri""]",1,"[""2023-01-01T00:00:00""]"
Relationship Traversal Queries,What vulnerabilities exist for the 'Windows SMB' exploit target?,MATCH (et:UcoExploitTarget {uri: 'example/target/smb'})-[:UCOHASVULNERABILITY]->(vuln:UcoVulnerability) RETURN vuln.ucosummary,What vulnerabilities are linked to the 'example/target/smb' exploit target?,"[""UcoExploitTarget"", ""UcoVulnerability""]","[""UCOHASVULNERABILITY""]","[""ucosummary"", ""uri""]",1,"[""example/target/smb""]"
Relationship Traversal Queries,What weaknesses (CWEs) are associated with the 'Web Server' exploit target?,"MATCH (et:UcoExploitTarget {uri: 'example/target/webserver'})-[:UCOHASWEAKNESS]->(cwe:UcoCWE) RETURN cwe.ucocweID, cwe.ucocweName",What weaknesses (CWEs) are associated with the 'example/target/webserver' exploit target?,"[""UcoCWE"", ""UcoExploitTarget""]","[""UCOHASWEAKNESS""]","[""ucocweID"", ""ucocweName"", ""uri""]",1,"[""example/target/webserver""]"
Relationship Traversal Queries,What software was used in the 'SolarWinds Orion' campaign?,MATCH (c:UcoexCAMPAIGNS {ucoexNAME: 'SolarWinds Orion'})-[:UCOEXCAMPAIGNUSESSOFTWARE]->(s:UcoexSOFTWARE) RETURN s.ucoexNAME,What software was used in the 'SolarWinds Orion' campaign?,"[""UcoexCAMPAIGNS"", ""UcoexSOFTWARE""]","[""UCOEXCAMPAIGNUSESSOFTWARE""]","[""ucoexNAME""]",1,"[""SolarWinds Orion""]"
Relationship Traversal Queries,List campaigns that use 'powershell'.,MATCH (c:UcoexCAMPAIGNS)-[:UCOEXCAMPAIGNUSESSOFTWARE]->(s:UcoexSOFTWARE {ucoexNAME: 'powershell'}) RETURN c.ucoexNAME,Which campaigns used 'powershell'?,"[""UcoexCAMPAIGNS"", ""UcoexSOFTWARE""]","[""UCOEXCAMPAIGNUSESSOFTWARE""]","[""ucoexNAME""]",1,"[""powershell""]"
Relationship Traversal Queries,Show all 'Enterprise' domain campaigns and the software they leverage.,"MATCH (c:UcoexCAMPAIGNS {ucoexDOMAIN: 'Enterprise'})-[:UCOEXCAMPAIGNUSESSOFTWARE]->(s:UcoexSOFTWARE) RETURN c.ucoexNAME, s.ucoexNAME",List 'Enterprise' campaigns and the software they used.,"[""UcoexCAMPAIGNS"", ""UcoexSOFTWARE""]","[""UCOEXCAMPAIGNUSESSOFTWARE""]","[""ucoexDOMAIN"", ""ucoexNAME""]",1,"[""Enterprise""]"
Relationship Traversal Queries,Find software used in the 'WannaCry' campaign.,MATCH (c:UcoexCAMPAIGNS {ucoexNAME: 'WannaCry'})-[:UCOEXCAMPAIGNUSESSOFTWARE]->(s:UcoexSOFTWARE) RETURN s.ucoexNAME,What software was used in the 'WannaCry' campaign?,"[""UcoexCAMPAIGNS"", ""UcoexSOFTWARE""]","[""UCOEXCAMPAIGNUSESSOFTWARE""]","[""ucoexNAME""]",1,"[""WannaCry""]"
Relationship Traversal Queries,Which campaigns use the 'Phishing' technique?,MATCH (c:UcoexCAMPAIGNS)-[:UCOEXCAMPAIGNUSESTECHNIQUE]->(t:UcoexMITREATTACK {ucoexNAME: 'Phishing'}) RETURN c.ucoexNAME,Which campaigns used the 'Phishing' technique?,"[""UcoexCAMPAIGNS"", ""UcoexMITREATTACK""]","[""UCOEXCAMPAIGNUSESTECHNIQUE""]","[""ucoexNAME""]",1,"[""Phishing""]"
Relationship Traversal Queries,List all 'Enterprise' domain campaigns and their associated techniques.,"MATCH (c:UcoexCAMPAIGNS {ucoexDOMAIN: 'Enterprise'})-[:UCOEXCAMPAIGNUSESTECHNIQUE]->(t:UcoexMITREATTACK) RETURN c.ucoexNAME, t.ucoexNAME",List 'Enterprise' campaigns and the techniques they used.,"[""UcoexCAMPAIGNS"", ""UcoexMITREATTACK""]","[""UCOEXCAMPAIGNUSESTECHNIQUE""]","[""ucoexDOMAIN"", ""ucoexNAME""]",1,"[""Enterprise""]"
Relationship Traversal Queries,Find groups that use 'netcat'.,MATCH (g:UcoexGROUPS)-[:UCOEXGROUPUSESSOFTWARE]->(s:UcoexSOFTWARE {ucoexNAME: 'netcat'}) RETURN g.ucoexNAME,Which groups use 'netcat'?,"[""UcoexGROUPS"", ""UcoexSOFTWARE""]","[""UCOEXGROUPUSESSOFTWARE""]","[""ucoexNAME""]",1,"[""netcat""]"
Multi-hop Queries,What other techniques are used by the group responsible for the 'WannaCry' campaign?,"MATCH (c:UcoexCAMPAIGNS {ucoexNAME: 'WannaCry'})-[:UCOEXATTRIBUTEDTO]->(g:UcoexGROUPS)-[:UCOEXGROUPUSESTECHNIQUE]->(t:UcoexMITREATTACK) RETURN g.ucoexNAME, t.ucoexNAME",Identify the threat group behind 'WannaCry' and list their known TTPs.,"[""UcoexCAMPAIGNS"", ""UcoexGROUPS"", ""UcoexMITREATTACK""]","[""UCOEXATTRIBUTEDTO"", ""UCOEXGROUPUSESTECHNIQUE""]","[""ucoexNAME""]",2,"[""WannaCry""]"
Multi-hop Queries,What weaknesses (CWEs) are associated with real-world examples observed in 'CVE-2024-0001'?,"MATCH (c:UcoCVE {label: 'CVE-2024-0001'})<-[:UCOEXEXAMPLEOBSERVEDIN]-(o:UcoexObservedExample)<-[:UCOHASOBSERVEDEXAMPLE]-(w:UcoCWE) RETURN w.ucocweID, w.ucocweName",What CWEs have observed examples linked to CVE-2024-0001?,"[""UcoCVE"", ""UcoCWE"", ""UcoexObservedExample""]","[""UCOEXEXAMPLEOBSERVEDIN"", ""UCOHASOBSERVEDEXAMPLE""]","[""label"", ""ucocweID"", ""ucocweName""]",2,"[""CVE-2024-0001""]"
Multi-hop Queries,List all products (CPEs) affected by vulnerabilities published after '2024-01-01'.,"MATCH (v:UcoVulnerability)-[:UCOHASCVE_ID]->(c:UcoCVE)-[:UCOEXHASCPE]->(p:UcoexCPE) WHERE v.ucopublishedDateTime > '2024-01-01T00:00:00' RETURN p.cpeName, c.label",List all CPEs affected by vulnerabilities published since 2024-01-01.,"[""UcoCVE"", ""UcoVulnerability"", ""UcoexCPE""]","[""UCOEXHASCPE"", ""UCOHASCVE_ID""]","[""cpeName"", ""label"", ""ucopublishedDateTime""]",2,"[""2024-01-01T00:00:00""]"
Multi-hop Queries,"For CWE-79 (Cross-site Scripting), find all related CAPEC attack patterns and their corresponding MITRE ATT&CK techniques.","MATCH (w:UcoCWE {ucocweID: 'CWE-79'})<-[:UCOEXHASRELATEDWEAKNESS]-(ca:UcoexCAPEC)-[:UCOEXHASTAXONOMYMAPPING]->(t:UcoexMITREATTACK) RETURN ca.ucoexCAPEC_name, t.ucoexNAME",Map CWE-79 to its related CAPEC patterns and their corresponding ATT&CK TTPs.,"[""UcoCWE"", ""UcoexCAPEC"", ""UcoexMITREATTACK""]","[""UCOEXHASRELATEDWEAKNESS"", ""UCOEXHASTAXONOMYMAPPING""]","[""ucocweID"", ""ucoexCAPEC_name"", ""ucoexNAME""]",2,"[""CWE-79""]"
Multi-hop Queries,Find all 'CRITICAL' severity CVEs associated with 'WebServer' exploit targets.,MATCH (et:UcoExploitTarget {uri: 'WebServer'})-[:UCOHASVULNERABILITY]->(v:UcoVulnerability)-[:UCOHASCVE_ID]->(c:UcoCVE {ucobaseSeverity: 'CRITICAL'}) RETURN c.label,List critical CVEs associated with the 'WebServer' exploit target.,"[""UcoCVE"", ""UcoExploitTarget"", ""UcoVulnerability""]","[""UCOHASCVE_ID"", ""UCOHASVULNERABILITY""]","[""label"", ""ucobaseSeverity"", ""uri""]",2,"[""CRITICAL"", ""WebServer""]"
Conditional and Boolean Queries,Find 'CRITICAL' CVEs that allow full privilege escalation AND do NOT require user interaction.,"MATCH (c:UcoCVE {ucobaseSeverity: 'CRITICAL', ucoobtainAllPrivilege: 'true', ucouserInteractionRequired: 'false'}) RETURN c.label","Identify critical, full-privilege-escalation CVEs that require no user interaction.","[""UcoCVE""]",[],"[""label"", ""ucobaseSeverity""]",0,"[""CRITICAL"", ""false"", ""true""]"
Conditional and Boolean Queries,Find all 'Base' abstraction CWEs whose description contains 'buffer' AND have a 'Stable' status.,"MATCH (w:UcoCWE {ucoabstraction: 'Base', ucostatus: 'Stable'}) WHERE w.ucodescription CONTAINS 'buffer' RETURN w.ucocweID, w.ucocweName","Find all 'Base' level, 'Stable' CWEs with descriptions containing the term 'buffer'.","[""UcoCWE""]",[],"[""ucoabstraction"", ""ucocweID"", ""ucocweName"", ""ucodescription""]",0,"[""Base"", ""Stable"", ""buffer""]"
Conditional and Boolean Queries,What software is used by 'Lazarus Group' AND was also used in the 'WannaCry' campaign?,MATCH (g:UcoexGROUPS {ucoexNAME: 'Lazarus Group'})-[:UCOEXGROUPUSESSOFTWARE]->(s:UcoexSOFTWARE)<-[:UCOEXCAMPAIGNUSESSOFTWARE]-(c:UcoexCAMPAIGNS {ucoexNAME: 'WannaCry'}) RETURN s.ucoexNAME,What software is common to both 'Lazarus Group' and the 'WannaCry' campaign?,"[""UcoexCAMPAIGNS"", ""UcoexGROUPS"", ""UcoexSOFTWARE""]","[""UCOEXCAMPAIGNUSESSOFTWARE"", ""UCOEXGROUPUSESSOFTWARE""]","[""ucoexNAME""]",2,"[""Lazarus Group"", ""WannaCry""]"
Conditional and Boolean Queries,List vulnerabilities published in 2023.,"MATCH (v:UcoVulnerability) WHERE v.ucopublishedDateTime >= '2023-01-01T00:00:00' AND v.ucopublishedDateTime < '2024-01-01T00:00:00' RETURN v.uri, v.ucopublishedDateTime",Retrieve all vulnerabilities published during the 2023 calendar year.,"[""UcoVulnerability""]",[],"[""ucopublishedDateTime"", ""uri""]",0,"[""2023-01-01T00:00:00"", ""2024-01-01T00:00:00""]"
Conditional and Boolean Queries,Find weaknesses (CWEs) that mention 'SQL injection' in either their summary or description.,"MATCH (w:UcoCWE) WHERE w.ucocweSummary CONTAINS 'SQL injection' OR w.ucodescription CONTAINS 'SQL injection' RETURN w.ucocweID, w.ucocweName",Query all CWEs where the summary or description text contains 'SQL injection'.,"[""UcoCWE""]",[],"[""ucocweID"", ""ucocweName"", ""ucocweSummary"", ""ucodescription""]",0,"[""SQL injection""]"
Path Queries (Variable-length),Show the relationship path (up to 3 hops) between 'Phishing' and 'Data Exfiltration' techniques.,MATCH p = (t1:UcoexMITREATTACK {ucoexNAME: 'Phishing'})-[*..3]-(t2:UcoexMITREATTACK {ucoexNAME: 'Data Exfiltration'}) RETURN p,"Show relationship paths, up to 3 hops, between 'Phishing' and 'Data Exfiltration' TTPs.","[""UcoexMITREATTACK""]",[],"[""ucoexNAME""]",1,"[""Data Exfiltration"", ""Phishing""]"
Path Queries (Variable-length),What is the shortest path (up to 4 hops) connecting 'APT28' to 'CVE-2021-44228'?,MATCH p = allShortestPaths((g:UcoexGROUPS {ucoexNAME: 'APT28'})-[*..4]-(c:UcoCVE {label: 'CVE-2021-44228'})) RETURN p,"What are the shortest paths, max 4 hops, connecting 'APT28' to 'CVE-2021-44228'?","[""UcoCVE"", ""UcoexGROUPS""]",[],"[""label"", ""ucoexNAME""]",1,"[""APT28"", ""CVE-2021-44228""]"
Path Queries (Variable-length),Find all paths (up to 5 hops) from the 'Lazarus Group' to any 'CRITICAL' severity CVE.,MATCH p = (g:UcoexGROUPS {ucoexNAME: 'Lazarus Group'})-[*..5]-(c:UcoCVE {ucobaseSeverity: 'CRITICAL'}) RETURN p LIMIT 10,"Find 10 paths, up to 5 hops, from 'Lazarus Group' to any 'CRITICAL' severity CVE.","[""UcoCVE"", ""UcoexGROUPS""]",[],"[""ucobaseSeverity"", ""ucoexNAME""]",1,"[""CRITICAL"", ""Lazarus Group""]"
Path Queries (Variable-length),Show the shortest path (up to 4 hops) from 'microsoft:windows_10' (CPE) to the 'Sandworm Team' group.,MATCH p = allShortestPaths((c:UcoexCPE {cpeName: 'microsoft:windows_10'})-[*..4]-(g:UcoexGROUPS {ucoexNAME: 'Sandworm Team'})) RETURN p,Find the shortest attack path (max 4 hops) from 'microsoft:windows_10' to 'Sandworm Team'.,"[""UcoexCPE"", ""UcoexGROUPS""]",[],"[""cpeName"", ""ucoexNAME""]",1,"[""Sandworm Team"", ""microsoft:windows_10""]"
Path Queries (Variable-length),Show all nodes within 2 hops of the mitigation 'Access Token Manipulation'.,MATCH p = (m:UcoexMITIGATIONS {ucoexNAME: 'Access Token Manipulation'})-[*1..2]-(n) RETURN p,Show the 2-hop neighborhood for the 'Access Token Manipulation' mitigation.,"[""UcoexMITIGATIONS""]",[],"[""ucoexNAME""]",1,"[""Access Token Manipulation""]"
Path Queries (Variable-length),Find the relationship (max 5 hops) between D3FEND's 'File Access Pattern Analysis' and 'CVE-2017-0199'.,MATCH p = (d:UcoexMITRED3FEND {ucoexMITRED3FEND_LABEL: 'File Access Pattern Analysis'})-[*..5]-(c:UcoCVE {label: 'CVE-2017-0199'}) RETURN p,Map the relationship (max 5 hops) between D3FEND 'File Access Pattern Analysis' and CVE-2017-0199.,"[""UcoCVE"", ""UcoexMITRED3FEND""]",[],"[""label"", ""ucoexMITRED3FEND_LABEL""]",1,"[""CVE-2017-0199"", ""File Access Pattern Analysis""]"
Path Queries (Variable-length),Show me the entire sub-graph of nodes 1-hop away from the 'SolarWinds' campaign.,MATCH p = (c:UcoexCAMPAIGNS {ucoexNAME: 'SolarWinds'})-[*1]-(n) RETURN p,Show the immediate 1-hop neighborhood for the 'SolarWinds' campaign.,"[""UcoexCAMPAIGNS""]",[],"[""ucoexNAME""]",1,"[""SolarWinds""]"
Path Queries (Variable-length),What software tools (up to 4 hops) are related to 'CWE-78: OS Command Injection'?,MATCH p = (w:UcoCWE {ucocweID: 'CWE-78'})-[*..4]-(s:UcoexSOFTWARE) RETURN p,What software is related (max 4 hops) to CWE-78 (OS Command Injection)?,"[""UcoCWE"", ""UcoexSOFTWARE""]",[],"[""ucocweID""]",1,"[""CWE-78""]"
Path Queries (Variable-length),Show the path (up to 3 hops) connecting 'Mimikatz' and 'PowerShell'.,MATCH p = (s1:UcoexSOFTWARE {ucoexNAME: 'Mimikatz'})-[*..3]-(s2:UcoexSOFTWARE {ucoexNAME: 'PowerShell'}) RETURN p,Show the relationship path (max 3 hops) between 'Mimikatz' and 'PowerShell'.,"[""UcoexSOFTWARE""]",[],"[""ucoexNAME""]",1,"[""Mimikatz"", ""PowerShell""]"
Graph Pattern Matching,Show weaknesses (CWEs) that have observed examples in CVEs that affect 'microsoft:windows_10'.,"MATCH (p:UcoexCPE {cpeName: 'microsoft:windows_10'})<-[:UCOEXHASCPE]-(c:UcoCVE)<-[:UCOEXEXAMPLEOBSERVEDIN]-(o:UcoexObservedExample)<-[:UCOHASOBSERVEDEXAMPLE]-(w:UcoCWE) RETURN DISTINCT w.ucocweID, w.ucocweName",Identify distinct CWEs with observed examples in CVEs affecting 'microsoft:windows_10'.,"[""UcoCVE"", ""UcoCWE"", ""UcoexCPE"", ""UcoexObservedExample""]","[""UCOEXEXAMPLEOBSERVEDIN"", ""UCOEXHASCPE"", ""UCOHASOBSERVEDEXAMPLE""]","[""cpeName"", ""ucocweID"", ""ucocweName""]",3,"[""microsoft:windows_10""]"
Graph Pattern Matching,Find 'CRITICAL' CVEs and their related weaknesses (CWEs) that affect 'apache:log4j'.,"MATCH (p:UcoexCPE {cpeName: 'apache:log4j'})<-[:UCOEXHASCPE]-(c:UcoCVE {ucobaseSeverity: 'CRITICAL'})<-[:UCOEXEXAMPLEOBSERVEDIN]-(:UcoexObservedExample)<-[:UCOHASOBSERVEDEXAMPLE]-(w:UcoCWE) RETURN c.label, w.ucocweID, w.ucocweName",Find critical CVEs and their root-cause CWEs affecting 'apache:log4j'.,"[""UcoCVE"", ""UcoCWE"", ""UcoexCPE"", ""UcoexObservedExample""]","[""UCOEXEXAMPLEOBSERVEDIN"", ""UCOEXHASCPE"", ""UCOHASOBSERVEDEXAMPLE""]","[""cpeName"", ""label"", ""ucobaseSeverity"", ""ucocweID"", ""ucocweName""]",3,"[""CRITICAL"", ""apache:log4j""]"
Comparative and Ranking,Rank threat groups by the number of 'Enterprise' domain techniques they use.,"MATCH (g:UcoexGROUPS)-[:UCOEXGROUPUSESTECHNIQUE]->(t:UcoexMITREATTACK {ucoexDOMAIN: 'Enterprise'}) RETURN g.ucoexNAME, count(t) AS techniqueCount ORDER BY techniqueCount DESC",Rank threat groups by their total count of 'Enterprise' TTPs.,"[""UcoexGROUPS"", ""UcoexMITREATTACK""]","[""UCOEXGROUPUSESTECHNIQUE""]","[""ucoexDOMAIN"", ""ucoexNAME""]",1,"[""Enterprise""]"
Comparative and Ranking,List the top 10 most exploitable 'CRITICAL' CVEs that allow full privilege escalation.,"MATCH (c:UcoCVE {ucobaseSeverity: 'CRITICAL', ucoobtainAllPrivilege: 'true'}) RETURN c.label, toFloat(c.ucoexploitabilityScore) AS exploitScore ORDER BY exploitScore DESC LIMIT 10",List the top 10 most exploitable 'CRITICAL' CVEs that grant full privileges.,"[""UcoCVE""]",[],"[""label"", ""ucobaseSeverity"", ""ucoexploitabilityScore""]",0,"[""CRITICAL"", ""true""]"
Comparative and Ranking,List the top 10 most vulnerable products (CPEs) based on the number of 'CRITICAL' CVEs.,"MATCH (c:UcoCVE {ucobaseSeverity: 'CRITICAL'})-[:UCOEXHASCPE]->(p:UcoexCPE) RETURN p.cpeName, count(c) AS criticalCveCount ORDER BY criticalCveCount DESC LIMIT 10",What are the top 10 products (CPEs) with the most 'CRITICAL' vulnerabilities?,"[""UcoCVE"", ""UcoexCPE""]","[""UCOEXHASCPE""]","[""cpeName"", ""ucobaseSeverity""]",1,"[""CRITICAL""]"
Comparative and Ranking,Rank 'Mobile' domain ATT&CK techniques by the number of available mitigations.,"MATCH (m:UcoexMITIGATIONS)-[:UCOEXMITIGATES]->(t:UcoexMITREATTACK {ucoexDOMAIN: 'Mobile'}) RETURN t.ucoexNAME, count(m) AS mitigationCount ORDER BY mitigationCount DESC",Rank 'Mobile' ATT&CK techniques by their number of available mitigations.,"[""UcoexMITIGATIONS"", ""UcoexMITREATTACK""]","[""UCOEXMITIGATES""]","[""ucoexDOMAIN"", ""ucoexNAME""]",1,"[""Mobile""]"
Comparative and Ranking,List the top 5 least mitigated 'Enterprise' techniques used by 'APT29'.,"MATCH (g:UcoexGROUPS {ucoexNAME: 'APT29'})-[:UCOEXGROUPUSESTECHNIQUE]->(t:UcoexMITREATTACK {ucoexDOMAIN: 'Enterprise'}) OPTIONAL MATCH (m:UcoexMITIGATIONS)-[:UCOEXMITIGATES]->(t) RETURN t.ucoexNAME, count(m) AS mitigationCount ORDER BY mitigationCount ASC LIMIT 5",Identify the top 5 least-mitigated 'Enterprise' TTPs used by APT29.,"[""UcoexGROUPS"", ""UcoexMITIGATIONS"", ""UcoexMITREATTACK""]","[""UCOEXGROUPUSESTECHNIQUE"", ""UCOEXMITIGATES""]","[""ucoexDOMAIN"", ""ucoexNAME""]",2,"[""APT29"", ""Enterprise""]"
Existence and Set Operations Queries,List all software (UcoexSOFTWARE) that is not associated with any ATT&CK technique.,MATCH (s:UcoexSOFTWARE) WHERE NOT (s)-[:UCOEXSOFTWAREUSESTECHNIQUE]->(:UcoexMITREATTACK) RETURN s.ucoexNAME,List all software tools that are not mapped to any ATT&CK technique.,"[""UcoexMITREATTACK"", ""UcoexSOFTWARE""]","[""UCOEXSOFTWAREUSESTECHNIQUE""]","[""ucoexNAME""]",1,[]
Existence and Set Operations Queries,Which exploit targets have no associated vulnerabilities or weaknesses?,MATCH (et:UcoExploitTarget) WHERE NOT (et)-[:UCOHASVULNERABILITY]->(:UcoVulnerability) AND NOT (et)-[:UCOHASWEAKNESS]->(:UcoCWE) RETURN et.uri,Identify exploit targets that have no linked vulnerabilities or weaknesses.,"[""UcoCWE"", ""UcoExploitTarget"", ""UcoVulnerability""]","[""UCOHASVULNERABILITY"", ""UCOHASWEAKNESS""]","[""uri""]",2,[]
Existence and Set Operations Queries,Find all 'Enterprise' ATT&CK techniques that are not used by any known group.,MATCH (t:UcoexMITREATTACK {ucoexDOMAIN: 'Enterprise'}) WHERE NOT (t)<-[:UCOEXGROUPUSESTECHNIQUE]-(:UcoexGROUPS) RETURN t.ucoexNAME,List all 'Enterprise' TTPs that are not associated with any known threat group.,"[""UcoexGROUPS"", ""UcoexMITREATTACK""]","[""UCOEXGROUPUSESTECHNIQUE""]","[""ucoexDOMAIN"", ""ucoexNAME""]",1,"[""Enterprise""]"
Multi-hop Queries,Which threat groups use techniques that are countered by the D3FEND technique 'D3-SDA' (System Call Analysis)?,MATCH (g:UcoexGROUPS)-[:UCOEXGROUPUSESTECHNIQUE]->(t:UcoexMITREATTACK)<-[:UCOEXHASMITREATTACK]-(d:UcoexMITRED3FEND {ucoexMITRED3FEND_LABEL: 'D3-SDA'}) RETURN g.ucoexNAME,Which threat groups use techniques that 'D3-SDA' (System Call Analysis) can counter?,"[""UcoexGROUPS"", ""UcoexMITREATTACK"", ""UcoexMITRED3FEND""]","[""UCOEXGROUPUSESTECHNIQUE"", ""UCOEXHASMITREATTACK""]","[""ucoexMITRED3FEND_LABEL"", ""ucoexNAME""]",2,"[""D3-SDA""]"
Multi-hop Queries,"What techniques are used in the 'SolarWinds Orion' campaign, and which group is attributed?","MATCH (g:UcoexGROUPS)<-[:UCOEXATTRIBUTEDTO]-(c:UcoexCAMPAIGNS {ucoexNAME: 'SolarWinds Orion'})-[:UCOEXCAMPAIGNUSESTECHNIQUE]->(t:UcoexMITREATTACK) RETURN g.ucoexNAME, t.ucoexNAME","What techniques were used in the 'SolarWinds Orion' campaign, and which group ran it?","[""UcoexCAMPAIGNS"", ""UcoexGROUPS"", ""UcoexMITREATTACK""]","[""UCOEXATTRIBUTEDTO"", ""UCOEXCAMPAIGNUSESTECHNIQUE""]","[""ucoexNAME""]",2,"[""SolarWinds Orion""]"
Conditional and Boolean Queries,Which threat groups use both 'Phishing' AND 'PowerShell'?,MATCH (g:UcoexGROUPS)-[:UCOEXGROUPUSESTECHNIQUE]->(t1:UcoexMITREATTACK {ucoexNAME: 'Phishing'}) MATCH (g)-[:UCOEXGROUPUSESTECHNIQUE]->(t2:UcoexMITREATTACK {ucoexNAME: 'PowerShell'}) RETURN g.ucoexNAME,Which groups use *both* 'Phishing' AND 'PowerShell'?,"[""UcoexGROUPS"", ""UcoexMITREATTACK""]","[""UCOEXGROUPUSESTECHNIQUE""]","[""ucoexNAME""]",2,"[""Phishing"", ""PowerShell""]"
Conditional and Boolean Queries,Find vulnerabilities published after '2023-01-01' AND before '2023-06-30'.,"MATCH (v:UcoVulnerability) WHERE v.ucopublishedDateTime > '2023-01-01T00:00:00' AND v.ucopublishedDateTime < '2023-06-30T23:59:59' RETURN v.uri, v.ucopublishedDateTime",Find vulnerabilities published in the first half of 2023.,"[""UcoVulnerability""]",[],"[""ucopublishedDateTime"", ""uri""]",0,"[""2023-01-01T00:00:00"", ""2023-06-30T23:59:59""]"
Conditional and Boolean Queries,List all D3FEND techniques that have 'Digital Artifact' in their definition.,MATCH (d:UcoexMITRED3FEND) WHERE d.ucoexMITRED3FEND_DEFINITION CONTAINS 'Digital Artifact' RETURN d.ucoexMITRED3FEND_LABEL,List all D3FEND defenses that mention 'Digital Artifact' in their definition.,"[""UcoexMITRED3FEND""]",[],"[""ucoexMITRED3FEND_DEFINITION"", ""ucoexMITRED3FEND_LABEL""]",0,"[""Digital Artifact""]"
Conditional and Boolean Queries,Find campaigns attributed to a group AND using technique 'T1566'.,"MATCH (g:UcoexGROUPS)<-[:UCOEXATTRIBUTEDTO]-(c:UcoexCAMPAIGNS)-[:UCOEXCAMPAIGNUSESTECHNIQUE]->(t:UcoexMITREATTACK {ucoexNAME: 'T1566'}) RETURN c.ucoexNAME, g.ucoexNAME",Find campaigns that are attributed to a group AND use technique 'T1566'.,"[""UcoexCAMPAIGNS"", ""UcoexGROUPS"", ""UcoexMITREATTACK""]","[""UCOEXATTRIBUTEDTO"", ""UCOEXCAMPAIGNUSESTECHNIQUE""]","[""ucoexNAME""]",2,"[""T1566""]"
Conditional and Boolean Queries,Find exploit targets with a known vulnerability BUT no known weakness.,MATCH (et:UcoExploitTarget) WHERE (et)-[:UCOHASVULNERABILITY]->(:UcoVulnerability) AND NOT (et)-[:UCOHASWEAKNESS]->(:UcoCWE) RETURN et.uri,Find exploit targets that have a vulnerability BUT no known weakness (CWE).,"[""UcoCWE"", ""UcoExploitTarget"", ""UcoVulnerability""]","[""UCOHASVULNERABILITY"", ""UCOHASWEAKNESS""]","[""uri""]",2,[]
Path Queries (Variable-length),Find any connection (up to 3 hops) between the group 'APT29' and 'CVE-2021-44228'.,MATCH path = (g:UcoexGROUPS {ucoexNAME: 'APT29'})-[*1..3]-(c:UcoCVE {label: 'CVE-2021-44228'}) RETURN path LIMIT 10,Is there a connection (up to 3 hops) between 'APT29' and 'CVE-2021-44228'?,"[""UcoCVE"", ""UcoexGROUPS""]",[],"[""label"", ""ucoexNAME""]",1,"[""APT29"", ""CVE-2021-44228""]"
Path Queries (Variable-length),How can 'CWE-79' (XSS) lead to an 'Enterprise' attack technique (max 4 hops)?,MATCH path = (w:UcoCWE {ucocweID: 'CWE-79'})-[*1..4]-(t:UcoexMITREATTACK {ucoexDOMAIN: 'Enterprise'}) RETURN path LIMIT 20,How can 'CWE-79' (XSS) lead to an 'Enterprise' technique? (Show paths up to 4 hops),"[""UcoCWE"", ""UcoexMITREATTACK""]",[],"[""ucocweID"", ""ucoexDOMAIN""]",1,"[""CWE-79"", ""Enterprise""]"
Path Queries (Variable-length),What is the shortest path between 'CAPEC-153' (Input Data Manipulation) and any mitigation?,MATCH path = shortestPath((ca:UcoexCAPEC {ucoexCAPEC_id: 'CAPEC-153'})-[*1..5]-(m:UcoexMITIGATIONS)) RETURN path,What's the shortest path (max 5 hops) from 'CAPEC-153' (Input Data Manipulation) to any mitigation?,"[""UcoexCAPEC"", ""UcoexMITIGATIONS""]",[],"[""ucoexCAPEC_id""]",1,"[""CAPEC-153""]"
Path Queries (Variable-length),Find all paths (1-2 hops) from a 'CRITICAL' CVE to a Threat Group.,MATCH path = (c:UcoCVE {ucobaseSeverity: 'CRITICAL'})-[*1..2]-(g:UcoexGROUPS) RETURN path LIMIT 25,Show me paths (1-2 hops) from a 'CRITICAL' CVE to a Threat Group.,"[""UcoCVE"", ""UcoexGROUPS""]",[],"[""ucobaseSeverity""]",1,"[""CRITICAL""]"
Path Queries (Variable-length),How is 'SolarWinds Orion' campaign connected to 'T1588' (Obtain Capabilities)? (max 3 hops),MATCH path = (c:UcoexCAMPAIGNS {ucoexNAME: 'SolarWinds Orion'})-[*1..3]-(t:UcoexMITREATTACK {ucoexNAME: 'T1588'}) RETURN path,How is the 'SolarWinds Orion' campaign connected to 'T1588'? (Max 3 hops),"[""UcoexCAMPAIGNS"", ""UcoexMITREATTACK""]",[],"[""ucoexNAME""]",1,"[""SolarWinds Orion"", ""T1588""]"
Comparative and Ranking,Rank threat groups by the number of 'Enterprise' techniques they use.,"MATCH (g:UcoexGROUPS)-[:UCOEXGROUPUSESTECHNIQUE]->(t:UcoexMITREATTACK {ucoexDOMAIN: 'Enterprise'}) RETURN g.ucoexNAME, count(t) AS enterpriseTechniques ORDER BY enterpriseTechniques DESC",Rank threat groups by how many 'Enterprise' techniques they use.,"[""UcoexGROUPS"", ""UcoexMITREATTACK""]","[""UCOEXGROUPUSESTECHNIQUE""]","[""ucoexDOMAIN"", ""ucoexNAME""]",1,"[""Enterprise""]"
Existence and Set Operations Queries,List all exploit targets that have a vulnerability but NO associated weakness (CWE).,MATCH (et:UcoExploitTarget) WHERE EXISTS { (et)-[:UCOHASVULNERABILITY]->(:UcoVulnerability) } AND NOT EXISTS { (et)-[:UCOHASWEAKNESS]->(:UcoCWE) } RETURN et.uri,List exploit targets that have a vulnerability but NO associated weakness (CWE).,"[""UcoCWE"", ""UcoExploitTarget"", ""UcoVulnerability""]","[""UCOHASVULNERABILITY"", ""UCOHASWEAKNESS""]","[""uri""]",2,[]
Existence and Set Operations Queries,(Union) List all groups OR software associated with the 'SolarWinds Orion' campaign.,MATCH (n) WHERE EXISTS { (:UcoexCAMPAIGNS {ucoexNAME: 'SolarWinds Orion'})-[:UCOEXATTRIBUTEDTO]->(n) } OR EXISTS { (:UcoexCAMPAIGNS {ucoexNAME: 'SolarWinds Orion'})-[:UCOEXCAMPAIGNUSESSOFTWARE]->(n) } RETURN n.ucoexNAME,List all groups and software associated with the 'SolarWinds Orion' campaign.,"[""UcoexCAMPAIGNS""]","[""UCOEXATTRIBUTEDTO"", ""UCOEXCAMPAIGNUSESSOFTWARE""]","[""ucoexNAME""]",2,"[""SolarWinds Orion""]"
Existence and Set Operations Queries,(Intersection) Find CVEs that are 'CRITICAL' AND have an observed example.,MATCH (c:UcoCVE {ucobaseSeverity: 'CRITICAL'}) WHERE EXISTS { (c)<-[:UCOEXEXAMPLEOBSERVEDIN]-(:UcoexObservedExample) } RETURN c.label,Find 'CRITICAL' CVEs that *also* have a real-world observed example.,"[""UcoCVE"", ""UcoexObservedExample""]","[""UCOEXEXAMPLEOBSERVEDIN""]","[""label"", ""ucobaseSeverity""]",1,"[""CRITICAL""]"
Existence and Set Operations Queries,(Union) List all CVEs from 2023 OR with 'HIGH' impact score.,MATCH (c:UcoCVE) MATCH (v:UcoVulnerability)-[:UCOHASCVE_ID]->(c) WHERE v.ucopublishedDateTime STARTS WITH '2023' OR c.ucoimpactScore = 'HIGH' RETURN DISTINCT c.label,List all CVEs from 2023 OR with a 'HIGH' impact score.,"[""UcoCVE"", ""UcoVulnerability""]","[""UCOHASCVE_ID""]","[""label"", ""ucoimpactScore"", ""ucopublishedDateTime""]",1,"[""2023"", ""HIGH""]"
Existence and Set Operations Queries,(Intersection) Find software used by 'FIN7' AND 'Lazarus Group' AND 'APT28'.,MATCH (g1:UcoexGROUPS {ucoexNAME: 'FIN7'})-[:UCOEXGROUPUSESSOFTWARE]->(s:UcoexSOFTWARE)<-[:UCOEXGROUPUSESSOFTWARE]-(g2:UcoexGROUPS {ucoexNAME: 'Lazarus Group'}) MATCH (g3:UcoexGROUPS {ucoexNAME: 'APT28'})-[:UCOEXGROUPUSESSOFTWARE]->(s) RETURN s.ucoexNAME,What software is used by 'FIN7' AND 'Lazarus Group' AND 'APT28'?,"[""UcoexGROUPS"", ""UcoexSOFTWARE""]","[""UCOEXGROUPUSESSOFTWARE""]","[""ucoexNAME""]",3,"[""APT28"", ""FIN7"", ""Lazarus Group""]"
Existence and Set Operations Queries,(Difference) List all 'Enterprise' techniques NOT mitigated by any 'UcoexMITIGATIONS'.,MATCH (t:UcoexMITREATTACK {ucoexDOMAIN: 'Enterprise'}) WHERE NOT EXISTS { (t)<-[:UCOEXMITIGATES]-(:UcoexMITIGATIONS) } RETURN t.ucoexNAME,List 'Enterprise' techniques that are *not* mitigated by anything. ,"[""UcoexMITIGATIONS"", ""UcoexMITREATTACK""]","[""UCOEXMITIGATES""]","[""ucoexDOMAIN"", ""ucoexNAME""]",1,"[""Enterprise""]"
Conditional and Boolean Queries,List all tactics that are in the 'Enterprise' domain AND have a description.,"MATCH (t:UcoexTACTICS) WHERE t.ucoexDOMAIN = 'Enterprise' AND t.ucoexDESCRIPTION IS NOT NULL RETURN t.ucoexNAME, t.ucoexDESCRIPTION","Find UcoexTACTICS nodes where the ucoexDOMAIN is 'Enterprise' AND the ucoexDESCRIPTION property exists, then return the tactic's name and description.","[""UcoexTACTICS""]",[],"[""ucoexDESCRIPTION"", ""ucoexDOMAIN"", ""ucoexNAME""]",0,"[""Enterprise""]"
Conditional and Boolean Queries,Show tactics that are in the 'Mobile' OR 'Cloud' domain.,"MATCH (t:UcoexTACTICS) WHERE t.ucoexDOMAIN = 'Mobile' OR t.ucoexDOMAIN = 'Cloud' RETURN t.ucoexNAME, t.ucoexDOMAIN","Find UcoexTACTICS nodes where the ucoexDOMAIN is either 'Mobile' OR 'Cloud', then return the tactic's name and domain.","[""UcoexTACTICS""]",[],"[""ucoexDOMAIN"", ""ucoexNAME""]",0,"[""Cloud"", ""Mobile""]"
Conditional and Boolean Queries,"Find CVEs that grant all privileges AND require user interaction, but have NO evaluator solution.",MATCH (c:UcoCVE) WHERE c.ucoobtainAllPrivilege = 'true' AND c.ucouserInteractionRequired = 'true' AND c.ucoevaluatorSolution IS NULL RETURN c.ucovectorString,"Find UcoCVE nodes where ucoobtainAllPrivilege is true, ucouserInteractionRequired is true, AND the ucoevaluatorSolution property is null, then return the vector string.","[""UcoCVE""]",[],"[""ucoevaluatorSolution"", ""ucoobtainAllPrivilege"", ""ucouserInteractionRequired"", ""ucovectorString""]",0,"[""true""]"
Conditional and Boolean Queries,List MITRE ATT&CK techniques that have a URL but NO description.,MATCH (a:UcoexMITREATTACK) WHERE a.ucoexURL IS NOT NULL AND a.ucoexDESCRIPTION IS NULL RETURN a.ucoexURL,"Find UcoexMITREATTACK nodes that have a ucoexURL property but do NOT have a ucoexDESCRIPTION property, then return the URL.","[""UcoexMITREATTACK""]",[],"[""ucoexDESCRIPTION"", ""ucoexURL""]",0,[]
Existence and Set Operations Queries,Find all tactics that are missing a description.,MATCH (t:UcoexTACTICS) WHERE t.ucoexDESCRIPTION IS NULL RETURN t.ucoexNAME,"Find all UcoexTACTICS nodes where the ucoexDESCRIPTION property is null, and return the tactic's name.","[""UcoexTACTICS""]",[],"[""ucoexDESCRIPTION"", ""ucoexNAME""]",0,[]
Path Queries (Variable-length),Find the shortest path between a specific Exploit Target (by URI) and a specific CPE (by name).,MATCH p = shortestPath((t:UcoExploitTarget {uri: 'http://example.com/target'})-[*..3]-(c:UcoexCPE {cpeNameId: 'cpe:2.3:o:microsoft:windows_10'})) RETURN p,What is the most direct connection (in 3 steps or less) between the specific target 'http://example.com/target' and the software 'cpe:2.3:o:microsoft:windows_10'?,"[""UcoExploitTarget"", ""UcoexCPE""]",[],"[""cpeNameId"", ""uri""]",1,"[""cpe:2.3:o:microsoft:windows_10"", ""http://example.com/target""]"
Path Queries (Variable-length),Find all paths (up to 4 steps) from a specific Exploit Target (by URI) to any MITRE ATT&CK technique.,"MATCH p = (t:UcoExploitTarget {uri: 'http://example.com/target'})-[*..4]-(a:UcoexMITREATTACK) RETURN p, a.ucoexDESCRIPTION",In what ways (up to 4 steps) is the target 'http://example.com/target' connected to any known MITRE ATT&CK hacking technique? Show the connection and the technique's description.,"[""UcoExploitTarget"", ""UcoexMITREATTACK""]",[],"[""ucoexDESCRIPTION"", ""uri""]",1,"[""http://example.com/target""]"
Path Queries (Variable-length),What is the shortest path connecting any Campaign to a CPE for 'microsoft:windows_10'?,"MATCH p = shortestPath((c:UcoexCAMPAIGNS)-[*..6]-(e:UcoexCPE {cpeNameId: 'cpe:2.3:o:microsoft:windows_10'})) RETURN p, c.ucoexDESCRIPTION",What is the most direct link (in 6 steps or less) between *any* documented campaign and the 'microsoft:windows_10' software? Show the link and the campaign's description.,"[""UcoexCAMPAIGNS"", ""UcoexCPE""]",[],"[""cpeNameId"", ""ucoexDESCRIPTION""]",1,"[""cpe:2.3:o:microsoft:windows_10""]"
Path Queries (Variable-length),Find the shortest path between two distinct threat groups (based on description).,MATCH p = shortestPath((g1:UcoexGROUPS {ucoexDESCRIPTION: 'Description of Group A'})-[*..5]-(g2:UcoexGROUPS {ucoexDESCRIPTION: 'Description of Group B'})) WHERE g1 <> g2 RETURN p,How are 'Group A' and 'Group B' connected in the data? Find the shortest path (up to 5 steps) linking these two distinct groups.,"[""UcoexGROUPS""]",[],"[""ucoexDESCRIPTION""]",1,"[""Description of Group A"", ""Description of Group B""]"
Path Queries (Variable-length),Show the shortest path (can be up to 6 hops) from a Mitigation (by description) to a Vulnerability (by published date '2023-01-01').,MATCH p = shortestPath((m:UcoexMITIGATIONS)-[*..6]-(v:UcoVulnerability {ucopublishedDateTime: '2023-01-01T00:00:00Z'})) RETURN p,What is the most direct connection (6 steps or less) between the mitigation 'Apply patches' and the vulnerability published on '2023-01-01'?,"[""UcoVulnerability"", ""UcoexMITIGATIONS""]",[],"[""ucopublishedDateTime""]",1,"[""2023-01-01T00:00:00Z""]"
Path Queries (Variable-length),Find all paths (up to 3 hops) connecting a specific CWE (by name) to any D3FEND technique.,"MATCH p = (c:UcoCWE {ucocweName: 'CWE-79'})-[*..3]-(d:UcoexMITRED3FEND) RETURN p, d.ucoexMITRED3FEND_DEFINITION",How does the weakness 'CWE-79' relate to any defensive D3FEND techniques? Show all connection paths (up to 3 steps) and the definition of the defense.,"[""UcoCWE"", ""UcoexMITRED3FEND""]",[],"[""ucocweName"", ""ucoexMITRED3FEND_DEFINITION""]",1,"[""CWE-79""]"
Path Queries (Variable-length),Find all paths (up to 3 hops) from a specific CAPEC (by name) to any observed CVE.,"MATCH p = (c:UcoexCAPEC {ucoexCAPEC_name: 'CAPEC-100'})-[*..3]->(v:UcoCVE) RETURN p, v.ucovectorString",Show all the ways (in 3 steps or less) that the attack pattern 'CAPEC-100' leads to or is associated with any specific CVE vulnerability. Return the path and the CVE's vector string.,"[""UcoCVE"", ""UcoexCAPEC""]",[],"[""ucoexCAPEC_name"", ""ucovectorString""]",1,"[""CAPEC-100""]"
Path Queries (Variable-length),Find the shortest path from a specific CPE (by name) to any available mitigation.,"MATCH p = shortestPath((c:UcoexCPE {cpeNameId: 'cpe:2.3:o:microsoft:windows_10'})-[*..6]-(m:UcoexMITIGATIONS)) RETURN p, m.ucoexDESCRIPTION",What is the most direct path (6 steps or less) from the 'microsoft:windows_10' software to *any* available mitigation? Show the path and the mitigation's description.,"[""UcoexCPE"", ""UcoexMITIGATIONS""]",[],"[""cpeNameId"", ""ucoexDESCRIPTION""]",1,"[""cpe:2.3:o:microsoft:windows_10""]"
Relationship Traversal Queries,Find the CVE associated with the Observed Example URI 'http://example.com/obs1'.,"MATCH (o:UcoexObservedExample {uri: 'http://example.com/obs1'})-[:UCOEXEXAMPLEOBSERVEDIN]->(c:UcoCVE) RETURN c.ucovectorString, c.ucovulnStatus","For the specific observed example 'http://example.com/obs1', what vulnerability (CVE) is it an example of? Show the CVE's vector string and status.","[""UcoCVE"", ""UcoexObservedExample""]","[""UCOEXEXAMPLEOBSERVEDIN""]","[""ucovectorString"", ""ucovulnStatus"", ""uri""]",1,"[""http://example.com/obs1""]"
Relationship Traversal Queries,List all Observed Example URIs for the CVE with vector 'CVSS:3.1/AV:N/AC:L...'.,MATCH (o:UcoexObservedExample)-[:UCOEXEXAMPLEOBSERVEDIN]->(c:UcoCVE {ucovectorString: 'CVSS:3.1/AV:N/AC:L...'}) RETURN o.uri,"For the specific vulnerability (CVE) with the vector 'CVSS:3.1/AV:N/AC:L...', what real-world examples (by URI) do we have in the database?","[""UcoCVE"", ""UcoexObservedExample""]","[""UCOEXEXAMPLEOBSERVEDIN""]","[""ucovectorString"", ""uri""]",1,"[""CVSS:3.1/AV:N/AC:L...""]"
Relationship Traversal Queries,What MITRE ATT&CK techniques are mapped from 'CAPEC-100: SQL Injection'?,"MATCH (c:UcoexCAPEC {ucoexCAPEC_name: 'CAPEC-100: SQL Injection'})-[:UCOEXHASTAXONOMYMAPPING]->(a:UcoexMITREATTACK) RETURN a.ucoexDESCRIPTION, a.uri","If an attacker uses the 'CAPEC-100: SQL Injection' pattern, what specific MITRE ATT&CK hacking techniques does this relate to? Show the technique's description and URI.","[""UcoexCAPEC"", ""UcoexMITREATTACK""]","[""UCOEXHASTAXONOMYMAPPING""]","[""ucoexCAPEC_name"", ""ucoexDESCRIPTION"", ""uri""]",1,"[""CAPEC-100: SQL Injection""]"
Relationship Traversal Queries,Which CAPECs map to the MITRE ATT&CK technique URI 'http://mitre.org/attack/T1548'?,"MATCH (c:UcoexCAPEC)-[:UCOEXHASTAXONOMYMAPPING]->(a:UcoexMITREATTACK {uri: 'http://mitre.org/attack/T1548'}) RETURN c.ucoexCAPEC_name, c.ucoexDescription",What attack patterns (CAPECs) are related to the specific MITRE ATT&CK technique 'http://mitre.org/attack/T1548'? Show the CAPEC's name and description.,"[""UcoexCAPEC"", ""UcoexMITREATTACK""]","[""UCOEXHASTAXONOMYMAPPING""]","[""ucoexCAPEC_name"", ""ucoexDescription"", ""uri""]",1,"[""http://mitre.org/attack/T1548""]"
Relationship Traversal Queries,What MITRE ATT&CK techniques are used by 'Cobalt Strike'?,"MATCH (s:UcoexSOFTWARE {ucoexDESCRIPTION: 'Cobalt Strike'})-[:UCOEXSOFTWAREUSESTECHNIQUE]->(a:UcoexMITREATTACK) RETURN a.ucoexDESCRIPTION, a.uri",What specific hacking techniques (MITRE ATT&CK) are known to be used by the 'Cobalt Strike' software? Show the technique's description and URI.,"[""UcoexMITREATTACK"", ""UcoexSOFTWARE""]","[""UCOEXSOFTWAREUSESTECHNIQUE""]","[""ucoexDESCRIPTION"", ""uri""]",1,"[""Cobalt Strike""]"
Relationship Traversal Queries,What software uses the MITRE ATT&CK technique URI 'http://mitre.org/attack/T1059' (Command-Line Interface)?,"MATCH (s:UcoexSOFTWARE)-[:UCOEXSOFTWAREUSESTECHNIQUE]->(a:UcoexMITREATTACK {uri: 'http://mitre.org/attack/T1059'}) RETURN s.ucoexDESCRIPTION, s.uri",What malware or tools (software) are known to use the 'Command-Line Interface' technique (T1059)? Show the software's description and URI.,"[""UcoexMITREATTACK"", ""UcoexSOFTWARE""]","[""UCOEXSOFTWAREUSESTECHNIQUE""]","[""ucoexDESCRIPTION"", ""uri""]",1,"[""http://mitre.org/attack/T1059""]"
Relationship Traversal Queries,Find software that uses MITRE ATT&CK techniques mapped from 'CAPEC-100: SQL Injection'.,"MATCH (s:UcoexSOFTWARE)-[:UCOEXSOFTWAREUSESTECHNIQUE]->(a:UcoexMITREATTACK)<-[:UCOEXHASTAXONOMYMAPPING]-(c:UcoexCAPEC {ucoexCAPEC_name: 'CAPEC-100: SQL Injection'}) RETURN DISTINCT s.ucoexDESCRIPTION, a.ucoexDESCRIPTION","Show me software (s) that uses a technique (a) which, in turn, is related to the 'SQL Injection' attack pattern (c). Return the distinct software and technique descriptions.","[""UcoexCAPEC"", ""UcoexMITREATTACK"", ""UcoexSOFTWARE""]","[""UCOEXHASTAXONOMYMAPPING"", ""UCOEXSOFTWAREUSESTECHNIQUE""]","[""ucoexCAPEC_name"", ""ucoexDESCRIPTION""]",2,"[""CAPEC-100: SQL Injection""]"
Node Lookup Queries,Find the Exploit Target with the URI 'http://example.com/target1'.,MATCH (n:UcoExploitTarget {uri: 'http://example.com/target1'}) RETURN n,Show me all the information for the specific exploit target with the URI 'http://example.com/target1'.,"[""UcoExploitTarget""]",[],"[""uri""]",0,"[""http://example.com/target1""]"
Node Lookup Queries,Find all Exploit Targets whose URI contains 'gov'.,MATCH (n:UcoExploitTarget) WHERE n.uri CONTAINS 'gov' RETURN n.uri,Which exploit target URIs have the text 'gov' in them?,"[""UcoExploitTarget""]",[],"[""uri""]",0,"[""gov""]"
Node Lookup Queries,Find the CPE record for 'cpe:2.3:o:microsoft:windows_10'.,MATCH (n:UcoexCPE {cpeNameId: 'cpe:2.3:o:microsoft:windows_10'}) RETURN n,Show all data for the specific software record (CPE) identified by 'cpe:2.3:o:microsoft:windows_10'.,"[""UcoexCPE""]",[],"[""cpeNameId""]",0,"[""cpe:2.3:o:microsoft:windows_10""]"
Node Lookup Queries,Get the CPE details for the name 'Microsoft Windows 10'.,"MATCH (n:UcoexCPE {cpeName: 'Microsoft Windows 10'}) RETURN n.cpeNameId, n.titles, n.lastModified","For the software entry named 'Microsoft Windows 10', what is its CPE ID, list of titles, and last modified date?","[""UcoexCPE""]",[],"[""cpeName"", ""cpeNameId"", ""lastModified"", ""titles""]",0,"[""Microsoft Windows 10""]"
Node Lookup Queries,Find all CPEs last modified on '2023-10-27T18:10:00Z'.,"MATCH (n:UcoexCPE {lastModified: '2023-10-27T18:10:00Z'}) RETURN n.cpeNameId, n.titles",Which software records (CPEs) were last modified at the exact time '2023-10-27T18:10:00Z'? Show their ID and titles.,"[""UcoexCPE""]",[],"[""cpeNameId"", ""lastModified"", ""titles""]",0,"[""2023-10-27T18:10:00Z""]"
Node Lookup Queries,Get the definition for the MITRE D3FEND technique labeled 'D3FEND-Label-123'.,MATCH (n:UcoexMITRED3FEND {ucoexMITRED3FEND_LABEL: 'D3FEND-Label-123'}) RETURN n.ucoexMITRED3FEND_DEFINITION,What is the definition for the MITRE D3FEND defense technique with the label 'D3FEND-Label-123'?,"[""UcoexMITRED3FEND""]",[],"[""ucoexMITRED3FEND_DEFINITION"", ""ucoexMITRED3FEND_LABEL""]",0,"[""D3FEND-Label-123""]"
Node Lookup Queries,Find the Observed Example with the description 'Attacker seen using PowerShell'.,MATCH (n:UcoexObservedExample) WHERE n.ucoexDESCRIPTION CONTAINS 'Attacker seen using PowerShell' RETURN n,Find any real-world examples where the description contains 'Attacker seen using PowerShell' and show all details for them.,"[""UcoexObservedExample""]",[],"[""ucoexDESCRIPTION""]",0,"[""Attacker seen using PowerShell""]"
Node Lookup Queries,Find all Observed Examples that mention 'lateral movement'.,MATCH (n:UcoexObservedExample) WHERE n.ucoexDESCRIPTION CONTAINS 'lateral movement' RETURN n.ucoexDESCRIPTION,Which real-world example descriptions mention 'lateral movement'?,"[""UcoexObservedExample""]",[],"[""ucoexDESCRIPTION""]",0,"[""lateral movement""]"
Node Lookup Queries,List all Tactics in the 'Enterprise' domain.,"MATCH (n:UcoexTACTICS {ucoexDOMAIN: 'Enterprise'}) RETURN n.ucoexNAME, n.ucoexDESCRIPTION","Show me all tactics that are part of the 'Enterprise' domain, along with their names and descriptions.","[""UcoexTACTICS""]",[],"[""ucoexDESCRIPTION"", ""ucoexDOMAIN"", ""ucoexNAME""]",0,"[""Enterprise""]"
Node Lookup Queries,Get the details for the Tactic with the URL 'https://attack.mitre.org/tactics/TA0001/'.,"MATCH (n:UcoexTACTICS {ucoexURL: 'https://attack.mitre.org/tactics/TA0001/'}) RETURN n.ucoexNAME, n.ucoexDESCRIPTION",What is the name and description for the tactic found at the URL 'https://attack.mitre.org/tactics/TA0001/'?,"[""UcoexTACTICS""]",[],"[""ucoexDESCRIPTION"", ""ucoexNAME"", ""ucoexURL""]",0,"[""https://attack.mitre.org/tactics/TA0001/""]"
