Category,LabelsMissing,RelationshipsMissing,PropertiesMissing
Aggregation and Counting,"['UcoExploitTarget', 'UcoexTACTICS', 'UcoexMITRED3FEND']","['UCOHASVULNERABILITY', 'UCOEXHASTAXONOMYMAPPING', 'UCOHASWEAKNESS', 'UCOEXHASMITREATTACK', 'UCOEXEXAMPLEOBSERVEDIN']","['ucoevaluatorSolution', 'ucomodesOfIntroduction', 'ucoexRelatedAttPattern', 'ucomappingNotes', 'lastModified', 'ucopotentialMitigations', 'ucodescription', 'ucostatus', 'titles', 'ucoobtainAllPrivilege', 'ucocweName', 'ucorelatedAttackPatterns', 'ucocweExtendedSummary', 'ucoexExample', 'ucovectorString', 'ucosummary', 'ucoexRelatedWeaknesses', 'ucoexCAPEC_id', 'ucoexTaxonomyMappingATTACK', 'ucodemonstrativeExamples', 'ucolastModifiedDateTime', 'ucoexDescription', 'cpeNameId', 'uri', 'ucocweSummary', 'ucoexResources_Required', 'ucoexMITRED3FEND_DEFINITION', 'ucolikelihoodOfExploit', 'ucoexDESCRIPTION', 'ucoexAbstraction', 'ucotimeOfIntroduction', 'ucostructure', 'ucodetectionMethods', 'ucoreferences', 'ucoexSkills_Required', 'ucoexPrerequisites', 'ucoexMitigations', 'ucoapplicablePlatform', 'ucoexConsequences', 'ucoexExtendedDescription', 'ucocommonConsequences', 'ucoexMITRED3FEND_LABEL', 'dictionary_found', 'ucoexURL', 'ucoexExecutionFlowTechnique']"
Comparative and Ranking,"['UcoexTACTICS', 'UcoexObservedExample']","['UCOHASOBSERVEDEXAMPLE', 'UCOEXEXAMPLEOBSERVEDIN']","['ucoevaluatorSolution', 'ucomodesOfIntroduction', 'ucoexRelatedAttPattern', 'ucopublishedDateTime', 'ucomappingNotes', 'lastModified', 'ucouserInteractionRequired', 'ucopotentialMitigations', 'ucodescription', 'ucostatus', 'titles', 'ucoabstraction', 'ucoobtainAllPrivilege', 'ucorelatedAttackPatterns', 'ucocweExtendedSummary', 'ucoexExample', 'ucovectorString', 'ucosummary', 'ucoexRelatedWeaknesses', 'ucoexCAPEC_id', 'ucoexTaxonomyMappingATTACK', 'ucodemonstrativeExamples', 'ucolastModifiedDateTime', 'ucoexDescription', 'cpeNameId', 'uri', 'ucocweSummary', 'ucoexResources_Required', 'ucoexMITRED3FEND_DEFINITION', 'ucoexDESCRIPTION', 'ucoexAbstraction', 'ucovulnStatus', 'ucotimeOfIntroduction', 'ucostructure', 'ucodetectionMethods', 'ucoreferences', 'ucoexPrerequisites', 'ucoexMitigations', 'ucoapplicablePlatform', 'ucoexConsequences', 'ucoexExtendedDescription', 'ucocommonConsequences', 'dictionary_found', 'ucoexURL', 'ucoexExecutionFlowTechnique']"
Conditional and Boolean Queries,"['UcoexTACTICS', 'UcoexObservedExample']","['UCOEXHASCPE', 'UCOEXHASTAXONOMYMAPPING', 'UCOHASOBSERVEDEXAMPLE', 'UCOEXHASRELATEDWEAKNESS', 'UCOEXHASMITREATTACK', 'UCOEXSOFTWAREUSESTECHNIQUE', 'UCOEXEXAMPLEOBSERVEDIN']","['ucoevaluatorSolution', 'ucomodesOfIntroduction', 'ucoexRelatedAttPattern', 'ucomappingNotes', 'lastModified', 'ucopotentialMitigations', 'ucostatus', 'ucorelatedAttackPatterns', 'ucocweExtendedSummary', 'ucoexExample', 'ucovectorString', 'ucoexRelatedWeaknesses', 'ucoexCAPEC_id', 'ucoexTaxonomyMappingATTACK', 'ucodemonstrativeExamples', 'ucolastModifiedDateTime', 'ucoexDescription', 'cpeNameId', 'ucoexResources_Required', 'ucoexAbstraction', 'ucotimeOfIntroduction', 'ucostructure', 'ucodetectionMethods', 'ucoreferences', 'ucoexPrerequisites', 'ucoexMitigations', 'ucoapplicablePlatform', 'ucoexConsequences', 'ucoexExtendedDescription', 'ucocommonConsequences', 'dictionary_found', 'ucoexURL', 'ucoexExecutionFlowTechnique']"
Existence and Set Operations Queries,"['UcoexTACTICS', 'UcoexMITRED3FEND']","['UCOEXHASRELATEDWEAKNESS', 'UCOEXHASMITREATTACK']","['ucoevaluatorSolution', 'ucomodesOfIntroduction', 'ucoexRelatedAttPattern', 'ucoexploitabilityScore', 'ucomappingNotes', 'lastModified', 'ucouserInteractionRequired', 'ucopotentialMitigations', 'ucodescription', 'ucostatus', 'titles', 'ucoabstraction', 'ucoobtainAllPrivilege', 'ucorelatedAttackPatterns', 'dictionary_found', 'ucocweExtendedSummary', 'ucoexExample', 'ucovectorString', 'ucosummary', 'ucoexRelatedWeaknesses', 'ucoexCAPEC_id', 'ucoexTaxonomyMappingATTACK', 'ucodemonstrativeExamples', 'ucolastModifiedDateTime', 'ucoexDescription', 'cpeNameId', 'ucocweSummary', 'ucoexResources_Required', 'ucoexMITRED3FEND_DEFINITION', 'ucoexAbstraction', 'ucotimeOfIntroduction', 'ucoexSeverity', 'ucostructure', 'ucodetectionMethods', 'ucoreferences', 'ucoexSkills_Required', 'ucoexMitigations', 'ucoapplicablePlatform', 'ucoexLikelihood', 'ucoexConsequences', 'ucoexExtendedDescription', 'ucocommonConsequences', 'ucoexMITRED3FEND_LABEL', 'cpeName', 'ucoexURL', 'ucoexExecutionFlowTechnique']"
Graph Pattern Matching,['UcoexTACTICS'],[],"['ucoevaluatorSolution', 'ucomodesOfIntroduction', 'ucoexRelatedAttPattern', 'ucopublishedDateTime', 'ucoexploitabilityScore', 'ucomappingNotes', 'lastModified', 'ucouserInteractionRequired', 'ucopotentialMitigations', 'ucodescription', 'ucostatus', 'titles', 'ucoobtainAllPrivilege', 'ucorelatedAttackPatterns', 'dictionary_found', 'ucocweExtendedSummary', 'ucoexExample', 'ucovectorString', 'ucoexRelatedWeaknesses', 'ucoexCAPEC_id', 'ucoexTaxonomyMappingATTACK', 'ucodemonstrativeExamples', 'ucolastModifiedDateTime', 'ucoexDescription', 'cpeNameId', 'ucocweSummary', 'ucoexResources_Required', 'ucoexMITRED3FEND_DEFINITION', 'ucolikelihoodOfExploit', 'ucoexAbstraction', 'ucovulnStatus', 'ucotimeOfIntroduction', 'ucostructure', 'ucodetectionMethods', 'ucoreferences', 'ucoexSkills_Required', 'ucoexPrerequisites', 'ucoexMitigations', 'ucoimpactScore', 'ucoapplicablePlatform', 'ucoexLikelihood', 'ucoexConsequences', 'ucoexDOMAIN', 'ucoexExtendedDescription', 'ucocommonConsequences', 'ucoexURL', 'ucoexExecutionFlowTechnique']"
Multi-hop Queries,['UcoexTACTICS'],[],"['ucoevaluatorSolution', 'ucomodesOfIntroduction', 'ucoexRelatedAttPattern', 'ucoexploitabilityScore', 'ucomappingNotes', 'lastModified', 'ucouserInteractionRequired', 'ucopotentialMitigations', 'ucodescription', 'ucostatus', 'titles', 'ucoabstraction', 'ucoobtainAllPrivilege', 'ucorelatedAttackPatterns', 'dictionary_found', 'ucocweExtendedSummary', 'ucoexExample', 'ucovectorString', 'ucoexRelatedWeaknesses', 'ucoexTaxonomyMappingATTACK', 'ucodemonstrativeExamples', 'ucolastModifiedDateTime', 'ucoexDescription', 'cpeNameId', 'ucocweSummary', 'ucoexResources_Required', 'ucoexMITRED3FEND_DEFINITION', 'ucolikelihoodOfExploit', 'ucoexDESCRIPTION', 'ucoexAbstraction', 'ucovulnStatus', 'ucotimeOfIntroduction', 'ucoexSeverity', 'ucostructure', 'ucodetectionMethods', 'ucoreferences', 'ucoexSkills_Required', 'ucoexPrerequisites', 'ucoexMitigations', 'ucoimpactScore', 'ucoapplicablePlatform', 'ucoexLikelihood', 'ucoexConsequences', 'ucoexDOMAIN', 'ucoexExtendedDescription', 'ucocommonConsequences', 'ucoexURL', 'ucoexExecutionFlowTechnique']"
Node Lookup Queries,"['UcoexCPE', 'UcoExploitTarget', 'UcoexObservedExample', 'UcoexTACTICS', 'UcoexMITRED3FEND']","['UCOEXHASCPE', 'UCOHASCVE_ID', 'UCOHASVULNERABILITY', 'UCOEXHASTAXONOMYMAPPING', 'UCOHASOBSERVEDEXAMPLE', 'UCOEXCAMPAIGNUSESSOFTWARE', 'UCOEXCAMPAIGNUSESTECHNIQUE', 'UCOEXHASMITREATTACK', 'UCOEXSOFTWAREUSESTECHNIQUE', 'UCOEXHASRELATEDWEAKNESS', 'UCOHASWEAKNESS', 'UCOEXGROUPUSESTECHNIQUE', 'UCOEXMITIGATES', 'UCOEXEXAMPLEOBSERVEDIN', 'UCOEXGROUPUSESSOFTWARE']","['ucoevaluatorSolution', 'ucomodesOfIntroduction', 'ucoexRelatedAttPattern', 'ucomappingNotes', 'ucoexploitabilityScore', 'lastModified', 'ucouserInteractionRequired', 'ucopotentialMitigations', 'titles', 'ucorelatedAttackPatterns', 'ucocweExtendedSummary', 'ucoexExample', 'ucovectorString', 'ucoexRelatedWeaknesses', 'cpeName', 'ucoexTaxonomyMappingATTACK', 'ucodemonstrativeExamples', 'cpeNameId', 'uri', 'ucoexResources_Required', 'ucoexMITRED3FEND_DEFINITION', 'ucolikelihoodOfExploit', 'ucotimeOfIntroduction', 'ucostructure', 'ucodetectionMethods', 'ucoreferences', 'ucoexPrerequisites', 'ucoexMitigations', 'ucoapplicablePlatform', 'ucoexConsequences', 'ucoexExtendedDescription', 'ucocommonConsequences', 'ucoexMITRED3FEND_LABEL', 'dictionary_found', 'ucoexURL', 'ucoexExecutionFlowTechnique']"
Path Queries (Variable-length),['UcoExploitTarget'],"['UCOEXHASCPE', 'UCOHASCVE_ID', 'UCOHASVULNERABILITY', 'UCOEXHASTAXONOMYMAPPING', 'UCOEXATTRIBUTEDTO', 'UCOHASOBSERVEDEXAMPLE', 'UCOEXCAMPAIGNUSESSOFTWARE', 'UCOEXCAMPAIGNUSESTECHNIQUE', 'UCOEXHASMITREATTACK', 'UCOEXSOFTWAREUSESTECHNIQUE', 'UCOEXHASRELATEDWEAKNESS', 'UCOHASWEAKNESS', 'UCOEXGROUPUSESTECHNIQUE', 'UCOEXMITIGATES', 'UCOEXEXAMPLEOBSERVEDIN', 'UCOEXGROUPUSESSOFTWARE']","['ucoevaluatorSolution', 'ucomodesOfIntroduction', 'ucoexRelatedAttPattern', 'ucopublishedDateTime', 'ucoexploitabilityScore', 'ucomappingNotes', 'lastModified', 'ucouserInteractionRequired', 'ucopotentialMitigations', 'ucodescription', 'ucostatus', 'titles', 'ucoabstraction', 'ucoobtainAllPrivilege', 'ucocweName', 'ucorelatedAttackPatterns', 'dictionary_found', 'ucocweExtendedSummary', 'ucoexExample', 'ucovectorString', 'ucoexRelatedWeaknesses', 'ucoexTaxonomyMappingATTACK', 'ucodemonstrativeExamples', 'ucolastModifiedDateTime', 'ucoexDescription', 'cpeNameId', 'ucocweSummary', 'ucoexResources_Required', 'ucoexMITRED3FEND_DEFINITION', 'ucolikelihoodOfExploit', 'ucoexDESCRIPTION', 'ucoexAbstraction', 'ucovulnStatus', 'ucotimeOfIntroduction', 'ucoexSeverity', 'ucostructure', 'ucodetectionMethods', 'ucoreferences', 'ucoexSkills_Required', 'ucoexPrerequisites', 'ucoexMitigations', 'ucoimpactScore', 'ucoapplicablePlatform', 'ucoexLikelihood', 'ucoexConsequences', 'ucoexCAPEC_name', 'ucoexExtendedDescription', 'ucocommonConsequences', 'ucoexURL', 'ucoexExecutionFlowTechnique']"
Relationship Traversal Queries,['UcoexTACTICS'],"['UCOEXHASTAXONOMYMAPPING', 'UCOEXSOFTWAREUSESTECHNIQUE', 'UCOEXEXAMPLEOBSERVEDIN']","['ucoevaluatorSolution', 'ucomodesOfIntroduction', 'ucoexRelatedAttPattern', 'ucomappingNotes', 'ucoexploitabilityScore', 'lastModified', 'ucopotentialMitigations', 'ucodescription', 'titles', 'ucoobtainAllPrivilege', 'ucorelatedAttackPatterns', 'ucocweExtendedSummary', 'ucoexExample', 'ucovectorString', 'ucoexRelatedWeaknesses', 'ucoexTaxonomyMappingATTACK', 'ucodemonstrativeExamples', 'ucolastModifiedDateTime', 'ucoexDescription', 'cpeNameId', 'ucocweSummary', 'ucoexResources_Required', 'ucoexURL', 'ucoexMITRED3FEND_DEFINITION', 'ucolikelihoodOfExploit', 'ucoexAbstraction', 'ucovulnStatus', 'ucotimeOfIntroduction', 'ucoexSeverity', 'ucostructure', 'ucodetectionMethods', 'ucoreferences', 'ucoexSkills_Required', 'ucoexPrerequisites', 'ucoexMitigations', 'ucoimpactScore', 'ucoapplicablePlatform', 'ucoexLikelihood', 'ucoexConsequences', 'ucoexExtendedDescription', 'ucocommonConsequences', 'dictionary_found', 'ucoexCAPEC_name', 'ucoexExecutionFlowTechnique']"
